[Licensing::Module] Trying to connect to existing licensing client channel...
Built from '6000.4/staging' branch; Version is '6000.4.1f1 (8535861f39e1) revision 8729990'; Using compiler version '194234433'; Build Type 'Release'
OS: 'Windows 11  (10.0.26200) ProfessionalWorkstation' Language: 'ru' Physical Memory: 16119 MB
[Licensing::IpcConnector] Successfully connected to: "LicenseClient-ruha" at "2026-04-27T11:43:54.5334305Z"
BatchMode: 1, IsHumanControllingUs: 0, StartBugReporterOnCrash: 0, Is64bit: 1
System  architecture: x64
Process architecture: x64
Date: 2026-04-27T11:43:54Z

COMMAND LINE ARGUMENTS:
C:\Program Files\Unity\Hub\Editor\6000.4.1f1\Editor\Unity.exe
-adb2
-batchMode
-noUpm
-name
AssetImportWorker2
-projectPath
C:/Users/ruha/Game-Dev/Final
-logFile
Logs/AssetImportWorker2.log
-srvPort
61653
-licensingIpc
LicenseClient-ruha
-force-d3d12
-job-worker-count
7
-background-job-worker-count
8
-gc-helper-count
1
-name
AssetImport
Successfully changed project path to: C:/Users/ruha/Game-Dev/Final
C:/Users/ruha/Game-Dev/Final
[UnityMemory] Configuration Parameters - Can be set up in boot.config
    "memorysetup-temp-allocator-size-gi-baking-worker=262144"
    "memorysetup-temp-allocator-size-gi-baking-worker=262144"
    "memorysetup-temp-allocator-size-gi-baking-worker=262144"
    "memorysetup-temp-allocator-size-gi-baking-worker=262144"
    "memorysetup-temp-allocator-size-gi-baking-worker=262144"
    "memorysetup-temp-allocator-size-nav-mesh-worker=65536"
    "memorysetup-temp-allocator-size-audio-worker=65536"
    "memorysetup-temp-allocator-size-cloud-worker=32768"
    "memorysetup-temp-allocator-size-gfx=262144"
    "memorysetup-temp-allocator-size-preload-manager=33554432"
    "memorysetup-temp-allocator-size-job-worker=262144"
    "memorysetup-temp-allocator-size-background-worker=32768"
    "memorysetup-allocator-temp-initial-block-size-main=262144"
    "memorysetup-allocator-temp-initial-block-size-worker=262144"
    "memorysetup-bucket-allocator-granularity=16"
    "memorysetup-bucket-allocator-bucket-count=8"
    "memorysetup-bucket-allocator-block-size=33554432"
    "memorysetup-bucket-allocator-block-count=8"
    "memorysetup-main-allocator-block-size=16777216"
    "memorysetup-thread-allocator-block-size=16777216"
    "memorysetup-gfx-main-allocator-block-size=16777216"
    "memorysetup-gfx-thread-allocator-block-size=16777216"
    "memorysetup-cache-allocator-block-size=4194304"
    "memorysetup-typetree-allocator-block-size=2097152"
    "memorysetup-profiler-bucket-allocator-granularity=16"
    "memorysetup-profiler-bucket-allocator-bucket-count=8"
    "memorysetup-profiler-bucket-allocator-block-size=33554432"
    "memorysetup-profiler-bucket-allocator-block-count=8"
    "memorysetup-profiler-allocator-block-size=16777216"
    "memorysetup-profiler-editor-allocator-block-size=1048576"
    "memorysetup-temp-allocator-size-main=16777216"
    "memorysetup-job-temp-allocator-block-size=2097152"
    "memorysetup-job-temp-allocator-block-size-background=1048576"
    "memorysetup-job-temp-allocator-reduction-small-platforms=262144"
Player connection [6528]  Target information:

Player connection [6528]  * "[IP] 26.243.5.47 [Port] 0 [Flags] 2 [Guid] 3476537791 [EditorId] 3476537791 [Version] 1048832 [Id] WindowsEditor(7,DESKTOP-BO6VV5B) [Debug] 1 [PackageName] WindowsEditor [ProjectName] Editor" 

Player connection [6528]  * "[IP] 10.211.100.1 [Port] 0 [Flags] 2 [Guid] 3476537791 [EditorId] 3476537791 [Version] 1048832 [Id] WindowsEditor(7,DESKTOP-BO6VV5B) [Debug] 1 [PackageName] WindowsEditor [ProjectName] Editor" 

Player connection [6528] Host joined multi-casting on [225.0.0.222:54997]...
Player connection [6528] Host joined alternative multi-casting on [225.0.0.222:34997]...
JobSystem: Creating JobQueue using job-worker-count value 7
Input System module state changed to: Initialized.
[Physics::Module] Initialized fallback backend.
[Physics::Module] Id: 0xdecafbad
Library Redirect Path: Library/
[Physics::Module] Selected backend.
[Physics::Module] Name: PhysX
[Physics::Module] Id: 0xf2b8ea05
[Physics::Module] SDK Version: 4.1.2
[Physics::Module] Integration Version: 1.0.0
[Physics::Module] Threading Mode: Multi-Threaded
Refreshing native plugins compatible for Editor in 8.58 ms, found 4 plugins.
Initialize engine version: 6000.4.1f1 (8535861f39e1)
[Subsystems] Discovering subsystems at path C:/Program Files/Unity/Hub/Editor/6000.4.1f1/Editor/Data/Resources/UnitySubsystems
[Subsystems] Discovering subsystems at path C:/Users/ruha/Game-Dev/Final/Assets
Forcing GfxDevice: Direct3D 12
GfxDevice: creating device client; kGfxThreadingModeNonThreaded
d3d12: failed to query info queue interface (0x80004002).
Direct3D:
    Version:         Direct3D 12 [level 12.2]
    Renderer:        NVIDIA GeForce RTX 3050 Laptop GPU (ID=0x25a2)
    Vendor:          NVIDIA
    VRAM:            3962 MB
    App VRAM Budget: 3367 MB
    Driver:          32.0.15.9621
Initialize mono
Mono path[0] = 'C:/Program Files/Unity/Hub/Editor/6000.4.1f1/Editor/Data/Managed'
Mono path[1] = 'C:/Program Files/Unity/Hub/Editor/6000.4.1f1/Editor/Data/MonoBleedingEdge/lib/mono/unityjit-win32'
Mono config path = 'C:/Program Files/Unity/Hub/Editor/6000.4.1f1/Editor/Data/MonoBleedingEdge/etc'
Using monoOptions --debugger-agent=transport=dt_socket,embedding=1,server=y,suspend=n,address=127.0.0.1:56572
CodeReloadManager initialized
Begin MonoManager ReloadAssembly
[Licensing::Client] Error: HandshakeResponse reported an error:
	ResponseCode: 505
	ResponseStatus: Unsupported protocol version '1.18.1'.
[Licensing::Module] Error: Failed to handshake to channel: "LicenseClient-ruha"
[Licensing::IpcConnector] LicenseClient-ruha channel disconnected successfully.
[Licensing::IpcConnector] Successfully connected to: "LicenseClient-ruha-6000.4.1" at "2026-04-27T11:43:57.5131236Z"
Registering precompiled unity dll's ...
Register platform support module: C:/Program Files/Unity/Hub/Editor/6000.4.1f1/Editor/Data/PlaybackEngines/WindowsStandaloneSupport/UnityEditor.WindowsStandalone.Extensions.dll
Registered in 0.005655 seconds.
Native extension for WindowsStandalone target not found
Package Manager log level set to [2]
[Package Manager] Failed to launch server process. Reason: Unity was launched with the -noUpm command-line argument
[Package Manager] Unable to send message (not connected to server process).
[Package Manager] Cannot connect to Unity Package Manager local server
ScheduleIndexationOnStartup MainProcess:False IndexOnStartup:True
Mono: successfully reloaded assembly
- Finished resetting the current domain, in  1.157 seconds
Domain Reload Profiling: 2496ms
	BeginReloadAssembly (385ms)
	RebuildCommonClasses (124ms)
	RebuildNativeTypeToScriptingClass (33ms)
	initialDomainReloadingComplete (195ms)
	LoadAllAssembliesAndSetupDomain (598ms)
		LoadAssemblies (371ms)
		AnalyzeDomain (572ms)
			TypeCache.Refresh (569ms)
				TypeCache.ScanAssembly (536ms)
	FinalizeReload (1161ms)
		SetupLoadedEditorAssemblies (0ms)
			InitializePlatformSupportModulesInManaged (127ms)
			BeforeProcessingInitializeOnLoad (247ms)
			ProcessInitializeOnLoadAttributes (328ms)
			ProcessInitializeOnLoadMethodAttributes (240ms)
========================================================================
Worker process is ready to serve import requests
Import Worker Mode flag is 0x00
[Licensing::Client] Handshaking with LicensingClient:
  Version:                 1.18.1+9fbee8e
  Session Id:              671dec705a1f42bc816ab350c5c83263
  Correlation Id:          51f84b24dfc143c17b7662873f4f6063
  External correlation Id: 5866863039866346017
  Machine Id:              Uz/CTuwisktXHE4r6AKo/0WYfk4=
[Licensing::Module] Successfully connected to LicensingClient on channel: "LicenseClient-ruha-6000.4.1" (connect: 0.00s, validation: 0.00s, handshake: 2.69s)
[Licensing::IpcConnector] Successfully connected to: "LicenseClient-ruha-6000.4.1-notifications" at "2026-04-27T11:44:00.2031983Z"
[Licensing::Module] Licensing Background thread has ended after 5.67s
Begin MonoManager ReloadAssembly
[Licensing::Client] Successfully resolved entitlement details
[Licensing::Module] License group:
  Id: 18968367855896-UnityPersXXXX
  Product: Unity Personal
  Type: Assigned
  Expiration: Unlimited
Assembly Assembly-CSharp-Editor-firstpass.dll at Library/ScriptAssemblies/Assembly-CSharp-Editor-firstpass.dll not valid. Loading of assembly skipped.
Assembly Assembly-CSharp-Editor.dll at Library/ScriptAssemblies/Assembly-CSharp-Editor.dll not valid. Loading of assembly skipped.
Assembly Assembly-CSharp-firstpass.dll at Library/ScriptAssemblies/Assembly-CSharp-firstpass.dll not valid. Loading of assembly skipped.
Assembly DocCodeExamples.dll at Library/ScriptAssemblies/DocCodeExamples.dll not valid. Loading of assembly skipped.
Assembly TestNewCustomAssembly.dll at Library/ScriptAssemblies/TestNewCustomAssembly.dll not valid. Loading of assembly skipped.
Assembly Unity.2D.Animation.EditorTests.dll at Library/ScriptAssemblies/Unity.2D.Animation.EditorTests.dll not valid. Loading of assembly skipped.
Assembly Unity.2D.Aseprite.EditorTests.dll at Library/ScriptAssemblies/Unity.2D.Aseprite.EditorTests.dll not valid. Loading of assembly skipped.
Assembly Unity.2D.Common.EditorTests.dll at Library/ScriptAssemblies/Unity.2D.Common.EditorTests.dll not valid. Loading of assembly skipped.
Assembly Unity.2D.PixelPerfect.Editor.Tests.dll at Library/ScriptAssemblies/Unity.2D.PixelPerfect.Editor.Tests.dll not valid. Loading of assembly skipped.
Assembly Unity.2D.Psdimporter.EditorTests.dll at Library/ScriptAssemblies/Unity.2D.Psdimporter.EditorTests.dll not valid. Loading of assembly skipped.
Assembly Unity.2D.Sprite.Package.EditorTests.dll at Library/ScriptAssemblies/Unity.2D.Sprite.Package.EditorTests.dll not valid. Loading of assembly skipped.
Assembly Unity.2D.SpriteShape.EditorTests.dll at Library/ScriptAssemblies/Unity.2D.SpriteShape.EditorTests.dll not valid. Loading of assembly skipped.
Assembly Unity.2D.Tilemap.Package.EditorTests.dll at Library/ScriptAssemblies/Unity.2D.Tilemap.Package.EditorTests.dll not valid. Loading of assembly skipped.
Assembly Unity.Collections.BurstCompatibilityGen.dll at Library/ScriptAssemblies/Unity.Collections.BurstCompatibilityGen.dll not valid. Loading of assembly skipped.
Assembly Unity.Collections.DocCodeSamples.dll at Library/ScriptAssemblies/Unity.Collections.DocCodeSamples.dll not valid. Loading of assembly skipped.
Assembly Unity.Collections.PerformanceTests.dll at Library/ScriptAssemblies/Unity.Collections.PerformanceTests.dll not valid. Loading of assembly skipped.
Assembly Unity.Collections.Tests.dll at Library/ScriptAssemblies/Unity.Collections.Tests.dll not valid. Loading of assembly skipped.
Assembly Unity.Collections.Tests.Playmode.dll at Library/ScriptAssemblies/Unity.Collections.Tests.Playmode.dll not valid. Loading of assembly skipped.
Assembly Unity.InputSystem.IntegrationTests.dll at Library/ScriptAssemblies/Unity.InputSystem.IntegrationTests.dll not valid. Loading of assembly skipped.
Assembly Unity.Mathematics.Tests.dll at Library/ScriptAssemblies/Unity.Mathematics.Tests.dll not valid. Loading of assembly skipped.
Assembly Unity.Multiplayer.Center.Editor.Tests.dll at Library/ScriptAssemblies/Unity.Multiplayer.Center.Editor.Tests.dll not valid. Loading of assembly skipped.
Assembly Unity.Multiplayer.Center.Tests.dll at Library/ScriptAssemblies/Unity.Multiplayer.Center.Tests.dll not valid. Loading of assembly skipped.
Assembly Unity.Nuget.Mono-Cecil.dll at Library/ScriptAssemblies/Unity.Nuget.Mono-Cecil.dll not valid. Loading of assembly skipped.
Assembly Unity.TextMeshPro.Editor.Tests.dll at Library/ScriptAssemblies/Unity.TextMeshPro.Editor.Tests.dll not valid. Loading of assembly skipped.
Assembly Unity.TextMeshPro.Tests.dll at Library/ScriptAssemblies/Unity.TextMeshPro.Tests.dll not valid. Loading of assembly skipped.
Assembly UnityEditor.UI.Common.Tests.dll at Library/ScriptAssemblies/UnityEditor.UI.Common.Tests.dll not valid. Loading of assembly skipped.
Assembly UnityEditor.UI.EditorTests.dll at Library/ScriptAssemblies/UnityEditor.UI.EditorTests.dll not valid. Loading of assembly skipped.
Assembly UnityEngine.UI.Tests.dll at Library/ScriptAssemblies/UnityEngine.UI.Tests.dll not valid. Loading of assembly skipped.
Symbol file LoadedFromMemory is not a mono symbol file
Refreshing native plugins compatible for Editor in 5.72 ms, found 4 plugins.
Native extension for WindowsStandalone target not found
[Package Manager] Failed to launch server process. Reason: Unity was launched with the -noUpm command-line argument
[Package Manager] Unable to send message (not connected to server process).
[Package Manager] Cannot connect to Unity Package Manager local server
[Package Manager] Failed to launch server process. Reason: Unity was launched with the -noUpm command-line argument
[Package Manager] Unable to send message (not connected to server process).
[Package Manager] Cannot connect to Unity Package Manager local server
ScheduleIndexationOnStartup MainProcess:False IndexOnStartup:True
Mono: successfully reloaded assembly
- Finished resetting the current domain, in  4.178 seconds
Domain Reload Profiling: 6172ms
	BeginReloadAssembly (446ms)
		DisableScriptedObjects (11ms)
		CreateAndSetChildDomain (74ms)
	RebuildCommonClasses (101ms)
	RebuildNativeTypeToScriptingClass (26ms)
	initialDomainReloadingComplete (182ms)
	LoadAllAssembliesAndSetupDomain (1238ms)
		LoadAssemblies (924ms)
		AnalyzeDomain (567ms)
			TypeCache.Refresh (411ms)
				TypeCache.ScanAssembly (377ms)
			BuildScriptInfoCaches (139ms)
			ResolveRequiredComponents (12ms)
	FinalizeReload (4179ms)
		SetupLoadedEditorAssemblies (0ms)
			InitializePlatformSupportModulesInManaged (5ms)
			BeforeProcessingInitializeOnLoad (411ms)
			ProcessInitializeOnLoadAttributes (3188ms)
			ProcessInitializeOnLoadMethodAttributes (191ms)
			AfterProcessingInitializeOnLoad (19ms)
		AwakeInstancesAfterBackupRestoration (15ms)
Launched and connected shader compiler UnityShaderCompiler.exe after 0.03 seconds
Refreshing native plugins compatible for Editor in 5.45 ms, found 4 plugins.
Unloading 0 Unused Serialized files (Serialized files now loaded: 0)
Unloading 5285 unused Assets / (1.6 MB). Loaded Objects now: 5887.
Memory consumption went from 116.0 MB to 114.4 MB.
Total: 17.827700 ms (FindLiveObjects: 0.803400 ms CreateObjectMapping: 1.207600 ms MarkObjects: 12.706900 ms  DeleteObjects: 3.105400 ms)

========================================================================
Received Import Request.
  Time since last request: 339.280328 seconds.
  path: Assets/JustPlay/Сomputer devices/Objects/Monitor 2/Textures/Normal.png
  importAddress: Guid(b1de0e2d2bae02a46a0321c85cf0ed6b) Importer(2089858483,b0f066a214c2f5e87bad3c948f4d605d)
Start importing Assets/JustPlay/Сomputer devices/Objects/Monitor 2/Textures/Normal.png using Guid(b1de0e2d2bae02a46a0321c85cf0ed6b) Importer(2089858483,b0f066a214c2f5e87bad3c948f4d605d) (ScriptedImporter) -> (Import Result ID: '0402d8cc73f6009a53ad72efe1d956e9') in 0.2791906 seconds [static and dynamic dependencies]. Details - ImportResultOutputID=986816955dfb20dce70351a5c3b1d965 DependenciesID=6375ac02f0bbcbd7afd8e26965ed945a StaticDependenciesID=e80b914e5c81a66a692aaa054b25e7d5 
Number of updated asset objects reloaded before import = 0Number of asset objects unloaded after import = 1

========================================================================
Received Import Request.
  Time since last request: 0.000048 seconds.
  path: Assets/ScifiOfficeLite/Meshes/Materials/Ground Mats/Carpet/Carpet 2.mat
  importAddress: Guid(df54338e7a7f2994fb0de694d0d18c74) Importer(2089858483,b0f066a214c2f5e87bad3c948f4d605d)
Start importing Assets/ScifiOfficeLite/Meshes/Materials/Ground Mats/Carpet/Carpet 2.mat using Guid(df54338e7a7f2994fb0de694d0d18c74) Importer(2089858483,b0f066a214c2f5e87bad3c948f4d605d) (ScriptedImporter) -> (Import Result ID: '7588a63621b3b501398a9c7bf4a1af55') in 0.2006652 seconds [static and dynamic dependencies]. Details - ImportResultOutputID=6672f844ee735a5e431a757dbaaab8a4 DependenciesID=e246f7fc045324a8f071560591397442 StaticDependenciesID=f4d53dcef80444fd7d39135d6596d5f8 
Number of updated asset objects reloaded before import = 0Number of asset objects unloaded after import = 5

========================================================================
Received Import Request.
  Time since last request: 0.000053 seconds.
  path: Assets/JustPlay/Сomputer devices/Objects/Monitor 2/Textures/Roughness.png
  importAddress: Guid(c81b366d4e62bbb469346edf3b065d91) Importer(2089858483,b0f066a214c2f5e87bad3c948f4d605d)
Start importing Assets/JustPlay/Сomputer devices/Objects/Monitor 2/Textures/Roughness.png using Guid(c81b366d4e62bbb469346edf3b065d91) Importer(2089858483,b0f066a214c2f5e87bad3c948f4d605d) (ScriptedImporter) -> (Import Result ID: '6e156b32d1547226427c9acc36ecf083') in 0.0256352 seconds [static and dynamic dependencies]. Details - ImportResultOutputID=01aa9860f12bebdb01eaed92cb13c676 DependenciesID=cc066d75c73fcb9095883d49f6dcd852 StaticDependenciesID=810f1f761231af6bd8cbef38b9083f75 
Number of updated asset objects reloaded before import = 0Number of asset objects unloaded after import = 1

========================================================================
Received Import Request.
  Time since last request: 0.000820 seconds.
  path: Assets/ScifiOfficeLite/Meshes/Textures/Interactables and Doors
  importAddress: Guid(5a2a8be16af3d7047a072159f18598f4) Importer(2089858483,b0f066a214c2f5e87bad3c948f4d605d)
Start importing Assets/ScifiOfficeLite/Meshes/Textures/Interactables and Doors using Guid(5a2a8be16af3d7047a072159f18598f4) Importer(2089858483,b0f066a214c2f5e87bad3c948f4d605d) (ScriptedImporter) -> (Import Result ID: '9b4da1ba0a1489f71e0ba0c3c5ad951c') in 0.0101756 seconds [static and dynamic dependencies]. Details - ImportResultOutputID=1a21d50540800841c2e89bab70893f32 DependenciesID=182643aa3ab81d7be9cda06c95060d7b StaticDependenciesID=38feb98700884aff6ba582a27dc0c9c4 
Number of updated asset objects reloaded before import = 0Number of asset objects unloaded after import = 1

========================================================================
Received Import Request.
  Time since last request: 0.000151 seconds.
  path: Assets/ScifiOfficeLite/Prefabs/Chairs and Stools/Office Chair.prefab
  importAddress: Guid(dc35c61ecac9f3e4ea7e96c2ce7f1218) Importer(2089858483,b0f066a214c2f5e87bad3c948f4d605d)
Start importing Assets/ScifiOfficeLite/Prefabs/Chairs and Stools/Office Chair.prefab using Guid(dc35c61ecac9f3e4ea7e96c2ce7f1218) Importer(2089858483,b0f066a214c2f5e87bad3c948f4d605d) (ScriptedImporter) -> (Import Result ID: 'd7bb495df244632a9436e71a33ac8193') in 0.0856923 seconds [static and dynamic dependencies]. Details - ImportResultOutputID=52882b3f1bfe995939056b404f9c3fda DependenciesID=f7d7e9f41b24ef09a68530d65da60764 StaticDependenciesID=8c6d7afabfc14c64a5187b0eee8cade1 
Number of updated asset objects reloaded before import = 0Number of asset objects unloaded after import = 9

========================================================================
Received Import Request.
  Time since last request: 0.000032 seconds.
  path: Assets/JustPlay/Demo/Set appliances/ReflectionProbe-0.exr
  importAddress: Guid(4f43e0ea9d6cded4598734bbe06820fe) Importer(2089858483,b0f066a214c2f5e87bad3c948f4d605d)
Start importing Assets/JustPlay/Demo/Set appliances/ReflectionProbe-0.exr using Guid(4f43e0ea9d6cded4598734bbe06820fe) Importer(2089858483,b0f066a214c2f5e87bad3c948f4d605d) (ScriptedImporter) -> (Import Result ID: '3835bb1643c2c0f5de9187f5b87a50d6') in 0.0276886 seconds [static and dynamic dependencies]. Details - ImportResultOutputID=dac8d1d3a0a2768848ba2576bf7f2df0 DependenciesID=e8e341864158693f1cfc3831fbc9ff30 StaticDependenciesID=55e9c87649d54650458c132002b95b64 
Number of updated asset objects reloaded before import = 0Number of asset objects unloaded after import = 1

========================================================================
Received Import Request.
  Time since last request: 0.000056 seconds.
  path: Assets/JustPlay/Сomputer devices/Objects/Speakers/Textures/AO.png
  importAddress: Guid(7129710d281c2374f9543c6a29efdb9b) Importer(2089858483,b0f066a214c2f5e87bad3c948f4d605d)
Start importing Assets/JustPlay/Сomputer devices/Objects/Speakers/Textures/AO.png using Guid(7129710d281c2374f9543c6a29efdb9b) Importer(2089858483,b0f066a214c2f5e87bad3c948f4d605d) (ScriptedImporter) -> (Import Result ID: '76ce3c7b250de3d536f690eb80ce1b00') in 0.0332511 seconds [static and dynamic dependencies]. Details - ImportResultOutputID=eeb568f6ccbd04b76f03d230d9eff734 DependenciesID=73d786ab0fe498db5a6c54c070a063a5 StaticDependenciesID=81405eff8352f9b45e36491cda0f3f11 
Number of updated asset objects reloaded before import = 0Number of asset objects unloaded after import = 1

========================================================================
Received Import Request.
  Time since last request: 0.000044 seconds.
  path: Assets/JustPlay/Сomputer devices/Objects/Router/textures/AO.png
  importAddress: Guid(21ee7dd5d408d264697c10061e148441) Importer(2089858483,b0f066a214c2f5e87bad3c948f4d605d)
Start importing Assets/JustPlay/Сomputer devices/Objects/Router/textures/AO.png using Guid(21ee7dd5d408d264697c10061e148441) Importer(2089858483,b0f066a214c2f5e87bad3c948f4d605d) (ScriptedImporter) -> (Import Result ID: '6747b06fd87cb1e15aeb2a05c719668c') in 0.0242636 seconds [static and dynamic dependencies]. Details - ImportResultOutputID=172be948e59a151b1448403e819ea8d8 DependenciesID=6bfe421d94b1b315fddb608702f3d72f StaticDependenciesID=19c28a2b14776de24e5a29786696cbde 
Number of updated asset objects reloaded before import = 0Number of asset objects unloaded after import = 1

========================================================================
Received Import Request.
  Time since last request: 0.000147 seconds.
  path: Assets/JustPlay/Сomputer devices/Objects/Router/textures/Albedo.png
  importAddress: Guid(7bd14d7c716616a45a02d715e3daa555) Importer(2089858483,b0f066a214c2f5e87bad3c948f4d605d)
Start importing Assets/JustPlay/Сomputer devices/Objects/Router/textures/Albedo.png using Guid(7bd14d7c716616a45a02d715e3daa555) Importer(2089858483,b0f066a214c2f5e87bad3c948f4d605d) (ScriptedImporter) -> (Import Result ID: 'de54e5c93c9ae18ac5783931486f126e') in 0.026716 seconds [static and dynamic dependencies]. Details - ImportResultOutputID=c5c6a63a95d6b3212056d346fa883bee DependenciesID=50e6323362e832220cce192516af5172 StaticDependenciesID=e43285e5e444feeff6b0bb3690e1439a 
Number of updated asset objects reloaded before import = 0Number of asset objects unloaded after import = 1

========================================================================
Received Import Request.
  Time since last request: 0.000034 seconds.
  path: Assets/ScifiOfficeLite/Scene/Asset Display.unity
  importAddress: Guid(b5888b526e2805241b71e0569dbb76c7) Importer(2089858483,b0f066a214c2f5e87bad3c948f4d605d)
Start importing Assets/ScifiOfficeLite/Scene/Asset Display.unity using Guid(b5888b526e2805241b71e0569dbb76c7) Importer(2089858483,b0f066a214c2f5e87bad3c948f4d605d) (ScriptedImporter) -> (Import Result ID: '482899ff72f23d81e28bea7d9b44af56') in 0.0240287 seconds [static and dynamic dependencies]. Details - ImportResultOutputID=b702f788a58982bd4b592b23199124c6 DependenciesID=f3e062008c140301e8422391b625c964 StaticDependenciesID=938311ff1a01022a7113c5e7c8b2e7ef 
Number of updated asset objects reloaded before import = 0Number of asset objects unloaded after import = 1

========================================================================
Received Import Request.
  Time since last request: 0.000174 seconds.
  path: Assets/ScifiOfficeLite/Meshes/Textures/Environment/Techware
  importAddress: Guid(6fda81a742391274da7288a7d5c7bf35) Importer(2089858483,b0f066a214c2f5e87bad3c948f4d605d)
Start importing Assets/ScifiOfficeLite/Meshes/Textures/Environment/Techware using Guid(6fda81a742391274da7288a7d5c7bf35) Importer(2089858483,b0f066a214c2f5e87bad3c948f4d605d) (ScriptedImporter) -> (Import Result ID: '50d39c949d83ca53f3f965aaa2f40341') in 0.0063781 seconds [static and dynamic dependencies]. Details - ImportResultOutputID=7e4e6c587adc3c1c6381f3daded580aa DependenciesID=d780afd1ac4ffaa68fc455b680f76967 StaticDependenciesID=8f204c335dc7751731ac3b1ec21a3245 
Number of updated asset objects reloaded before import = 0Number of asset objects unloaded after import = 1

========================================================================
Received Import Request.
  Time since last request: 0.000176 seconds.
  path: Assets/ScifiOfficeLite/Meshes/Lights/Ceiling Lights Lo.FBX
  importAddress: Guid(03f0313d06795894e85c89bfc12f42e9) Importer(2089858483,b0f066a214c2f5e87bad3c948f4d605d)
Start importing Assets/ScifiOfficeLite/Meshes/Lights/Ceiling Lights Lo.FBX using Guid(03f0313d06795894e85c89bfc12f42e9) Importer(2089858483,b0f066a214c2f5e87bad3c948f4d605d) (ScriptedImporter) -> (Import Result ID: 'ee5d033373bc02ed9ee667db4373635f') in 0.0605802 seconds [static and dynamic dependencies]. Details - ImportResultOutputID=995e25501e61331a59c24daf877c9c44 DependenciesID=f65732dbe8063fe14adeca62c7e66d11 StaticDependenciesID=8c288182c531082f5b85e9014217fe69 
Number of updated asset objects reloaded before import = 0Number of asset objects unloaded after import = 8

========================================================================
Received Import Request.
  Time since last request: 0.000028 seconds.
  path: Assets/ScifiOfficeLite/Meshes/Materials/Ground Mats/Carpet
  importAddress: Guid(22917f72007f913409be43fa3f0d3206) Importer(2089858483,b0f066a214c2f5e87bad3c948f4d605d)
Start importing Assets/ScifiOfficeLite/Meshes/Materials/Ground Mats/Carpet using Guid(22917f72007f913409be43fa3f0d3206) Importer(2089858483,b0f066a214c2f5e87bad3c948f4d605d) (ScriptedImporter) -> (Import Result ID: 'a90bb3ae5f474529c4fdcecf455618fe') in 0.0081002 seconds [static and dynamic dependencies]. Details - ImportResultOutputID=6d5d7bd94326c5f0a0e4dda3d2cfc731 DependenciesID=6b9953961b3e0fb5b4ac7fe7b576d3cf StaticDependenciesID=f0b9903878bfe51ed5631cd59c589ffe 
Number of updated asset objects reloaded before import = 0Number of asset objects unloaded after import = 1

========================================================================
Received Import Request.
  Time since last request: 0.000062 seconds.
  path: Assets/ScifiOfficeLite/Meshes/Textures/Environment/Wall texture/Wall set 2/Wall_Multiset_2_Normal.png
  importAddress: Guid(7e26f6df7c4220a49a4f9c25d5bc0895) Importer(2089858483,b0f066a214c2f5e87bad3c948f4d605d)
Start importing Assets/ScifiOfficeLite/Meshes/Textures/Environment/Wall texture/Wall set 2/Wall_Multiset_2_Normal.png using Guid(7e26f6df7c4220a49a4f9c25d5bc0895) Importer(2089858483,b0f066a214c2f5e87bad3c948f4d605d) (ScriptedImporter) -> (Import Result ID: '42cf63a887878b2bb801fa33efbb7e74') in 0.0440693 seconds [static and dynamic dependencies]. Details - ImportResultOutputID=70ae7630b6d2f38d3debabef00455588 DependenciesID=2938fb0f403538f42c193cb79ca22156 StaticDependenciesID=68224f69c8de2b042c90b0b72203472d 
Number of updated asset objects reloaded before import = 0Number of asset objects unloaded after import = 1

========================================================================
Received Import Request.
  Time since last request: 0.000043 seconds.
  path: Assets/ScifiOfficeLite/Meshes/Walls/Wall Top Piece 3.FBX
  importAddress: Guid(c1d888a5bd7825344a41dbd872fd6414) Importer(2089858483,b0f066a214c2f5e87bad3c948f4d605d)
Start importing Assets/ScifiOfficeLite/Meshes/Walls/Wall Top Piece 3.FBX using Guid(c1d888a5bd7825344a41dbd872fd6414) Importer(2089858483,b0f066a214c2f5e87bad3c948f4d605d) (ScriptedImporter) -> (Import Result ID: 'df07e4050b18627dfe8ed2b73a021e10') in 0.027837 seconds [static and dynamic dependencies]. Details - ImportResultOutputID=ec0f1fe5887058020e285af2d13db54b DependenciesID=f434b267abf1e56439e33f59e7774804 StaticDependenciesID=c84c99cba69a8fb489d93d4ae5712d6d 
Number of updated asset objects reloaded before import = 0Number of asset objects unloaded after import = 8

========================================================================
Received Import Request.
  Time since last request: 0.000039 seconds.
  path: Assets/JustPlay/Сomputer devices/Objects/Speakers/Speakers.mat
  importAddress: Guid(7c74ab3b6f9454741b866894e5e71f8c) Importer(2089858483,b0f066a214c2f5e87bad3c948f4d605d)
Start importing Assets/JustPlay/Сomputer devices/Objects/Speakers/Speakers.mat using Guid(7c74ab3b6f9454741b866894e5e71f8c) Importer(2089858483,b0f066a214c2f5e87bad3c948f4d605d) (ScriptedImporter) -> (Import Result ID: '8eaa43ba91a0f0dd725f4c077c157507') in 0.0313496 seconds [static and dynamic dependencies]. Details - ImportResultOutputID=6d8a578bdcfd4316e2a5839dfd3fb08e DependenciesID=32c65417d2f7b90f356f84e199e6ae0c StaticDependenciesID=5801168b31fff93ab327342d9eac6d7e 
Number of updated asset objects reloaded before import = 0Number of asset objects unloaded after import = 5

========================================================================
Received Import Request.
  Time since last request: 0.000045 seconds.
  path: Assets/JustPlay/Сomputer devices/Objects/Keyboard/Keyboard.fbx
  importAddress: Guid(40a6494d8b0491c44b30ab757b9ae5db) Importer(2089858483,b0f066a214c2f5e87bad3c948f4d605d)
Start importing Assets/JustPlay/Сomputer devices/Objects/Keyboard/Keyboard.fbx using Guid(40a6494d8b0491c44b30ab757b9ae5db) Importer(2089858483,b0f066a214c2f5e87bad3c948f4d605d) (ScriptedImporter) -> (Import Result ID: '16f0fecd27a6914a6656348baa19b259') in 0.0285374 seconds [static and dynamic dependencies]. Details - ImportResultOutputID=6c1b87ba7bdcb3d2bec6e430a2bdc56f DependenciesID=14025adf1891386ed789d0a7d10412e6 StaticDependenciesID=2abe9bd2411248a66fd77d2e423cc11f 
Number of updated asset objects reloaded before import = 0Number of asset objects unloaded after import = 20

========================================================================
Received Import Request.
  Time since last request: 0.000040 seconds.
  path: Assets/JustPlay/Сomputer devices/Objects/Phone/Phone.fbx
  importAddress: Guid(6512534c72faedd458036bbb59d099c3) Importer(2089858483,b0f066a214c2f5e87bad3c948f4d605d)
Start importing Assets/JustPlay/Сomputer devices/Objects/Phone/Phone.fbx using Guid(6512534c72faedd458036bbb59d099c3) Importer(2089858483,b0f066a214c2f5e87bad3c948f4d605d) (ScriptedImporter) -> (Import Result ID: '5c2e034ee306e9b56ca4781256fb6489') in 0.0209873 seconds [static and dynamic dependencies]. Details - ImportResultOutputID=5e332178f5275b477953b6ee3587c8b7 DependenciesID=47f8ede6045ea4e74de3b48f1580aa99 StaticDependenciesID=d69d6881037b680dd72745f19ad581e9 
Number of updated asset objects reloaded before import = 0Number of asset objects unloaded after import = 20

========================================================================
Received Import Request.
  Time since last request: 0.000035 seconds.
  path: Assets/ScifiOfficeLite/Prefabs/Tables/White Wood
  importAddress: Guid(f8077a2372e486e498e5d2f6325c573a) Importer(2089858483,b0f066a214c2f5e87bad3c948f4d605d)
Start importing Assets/ScifiOfficeLite/Prefabs/Tables/White Wood using Guid(f8077a2372e486e498e5d2f6325c573a) Importer(2089858483,b0f066a214c2f5e87bad3c948f4d605d) (ScriptedImporter) -> (Import Result ID: '0d38cbe9847ad172d44c85c625febb5f') in 0.0072064 seconds [static and dynamic dependencies]. Details - ImportResultOutputID=72523786d516615abc7c196d65b9c0f5 DependenciesID=72bbfb9d8cd53e419a70c9507a9bb7e2 StaticDependenciesID=238c7bf59ccac73e2a33aa178f7245c6 
Number of updated asset objects reloaded before import = 0Number of asset objects unloaded after import = 1

========================================================================
Received Import Request.
  Time since last request: 0.000035 seconds.
  path: Assets/JustPlay/Сomputer devices/Objects/Phone/Textures/Roughness.png
  importAddress: Guid(2c57e6f1448ce7c4e852c9ab9277d2ba) Importer(2089858483,b0f066a214c2f5e87bad3c948f4d605d)
Start importing Assets/JustPlay/Сomputer devices/Objects/Phone/Textures/Roughness.png using Guid(2c57e6f1448ce7c4e852c9ab9277d2ba) Importer(2089858483,b0f066a214c2f5e87bad3c948f4d605d) (ScriptedImporter) -> (Import Result ID: 'b39d769d96f64efc1f59ef7cfbaa744e') in 0.0199225 seconds [static and dynamic dependencies]. Details - ImportResultOutputID=8a61612e3abf9e83e66a57402155b02d DependenciesID=9a6ee1ee2e104e9e4c19bccfc8e2c743 StaticDependenciesID=953a3d8912275155733b6142d57a66af 
Number of updated asset objects reloaded before import = 0Number of asset objects unloaded after import = 1

========================================================================
Received Import Request.
  Time since last request: 0.000147 seconds.
  path: Assets/ScifiOfficeLite/Meshes/Textures/Environment/Ground/Epoxy Paints/Epoxy Paint Height.tif
  importAddress: Guid(cf0c9d1c0ef7296479dd09fbe41afcf3) Importer(2089858483,b0f066a214c2f5e87bad3c948f4d605d)
Start importing Assets/ScifiOfficeLite/Meshes/Textures/Environment/Ground/Epoxy Paints/Epoxy Paint Height.tif using Guid(cf0c9d1c0ef7296479dd09fbe41afcf3) Importer(2089858483,b0f066a214c2f5e87bad3c948f4d605d) (ScriptedImporter) -> (Import Result ID: 'b0d7fda4872401087d652cf5bb1bc937') in 0.02788 seconds [static and dynamic dependencies]. Details - ImportResultOutputID=62f2022925175737f995b29280ec8cad DependenciesID=f8b219955997d40494ab7fbce3e9c893 StaticDependenciesID=bd7feb671b315949d07c2f35ff71502c 
Number of updated asset objects reloaded before import = 0Number of asset objects unloaded after import = 1

========================================================================
Received Import Request.
  Time since last request: 0.000036 seconds.
  path: Assets/JustPlay/Сomputer devices/Prefabs/Speakers.prefab
  importAddress: Guid(ec0e900dc6654bc43ad2d21e3c66ce0f) Importer(2089858483,b0f066a214c2f5e87bad3c948f4d605d)
Start importing Assets/JustPlay/Сomputer devices/Prefabs/Speakers.prefab using Guid(ec0e900dc6654bc43ad2d21e3c66ce0f) Importer(2089858483,b0f066a214c2f5e87bad3c948f4d605d) (ScriptedImporter) -> (Import Result ID: '188e8e6331dfb8ed6e3e9ba460a1293c') in 0.0262167 seconds [static and dynamic dependencies]. Details - ImportResultOutputID=a65a5248d6e8399837b023facd2046a7 DependenciesID=2adc162e10262227bfcf79801d8da01a StaticDependenciesID=f79f2697a79d43f827293f33dbe35188 
Number of updated asset objects reloaded before import = 0Number of asset objects unloaded after import = 9

========================================================================
Received Import Request.
  Time since last request: 0.000029 seconds.
  path: Assets/ScifiOfficeLite/Scene/Demo/Lightmap-2_comp_light.exr
  importAddress: Guid(f99962964a4542d43b9027e1c10b4171) Importer(2089858483,b0f066a214c2f5e87bad3c948f4d605d)
Start importing Assets/ScifiOfficeLite/Scene/Demo/Lightmap-2_comp_light.exr using Guid(f99962964a4542d43b9027e1c10b4171) Importer(2089858483,b0f066a214c2f5e87bad3c948f4d605d) (ScriptedImporter) -> (Import Result ID: '2aba530ef4b0506e6f2d283aa41ef691') in 0.0256266 seconds [static and dynamic dependencies]. Details - ImportResultOutputID=871ce2ce9277bf050e8bff9edd2a2a28 DependenciesID=a0c16534719f449ef6939549f0b87c55 StaticDependenciesID=ff67162d1275e1ddf13d7ee47255ea36 
Number of updated asset objects reloaded before import = 0Number of asset objects unloaded after import = 1

========================================================================
Received Import Request.
  Time since last request: 0.000038 seconds.
  path: Assets/ScifiOfficeLite/Meshes/Walls/Wall 4.FBX
  importAddress: Guid(01e56f6e47b405e4689821759816baf0) Importer(2089858483,b0f066a214c2f5e87bad3c948f4d605d)
Start importing Assets/ScifiOfficeLite/Meshes/Walls/Wall 4.FBX using Guid(01e56f6e47b405e4689821759816baf0) Importer(2089858483,b0f066a214c2f5e87bad3c948f4d605d) (ScriptedImporter) -> (Import Result ID: '268bc4f83b80baedca43e8d4bce389f7') in 0.0220569 seconds [static and dynamic dependencies]. Details - ImportResultOutputID=15a4632c9135d735ffda4cd50c9c116d DependenciesID=2b8177b15b5eb858ad7595bacc963749 StaticDependenciesID=4772574a55be6f6b9e984764ae2a74d4 
Number of updated asset objects reloaded before import = 0Number of asset objects unloaded after import = 8

========================================================================
Received Import Request.
  Time since last request: 0.000037 seconds.
  path: Assets/ScifiOfficeLite/Prefabs/Carpets and Floors/Carpet 9.prefab
  importAddress: Guid(acab94f45c12b614bbebc0d29b12da88) Importer(2089858483,b0f066a214c2f5e87bad3c948f4d605d)
Start importing Assets/ScifiOfficeLite/Prefabs/Carpets and Floors/Carpet 9.prefab using Guid(acab94f45c12b614bbebc0d29b12da88) Importer(2089858483,b0f066a214c2f5e87bad3c948f4d605d) (ScriptedImporter) -> (Import Result ID: '9738a24e03b25cc4d83fde17966460dc') in 0.0197497 seconds [static and dynamic dependencies]. Details - ImportResultOutputID=9b4ceb8e0a2459ff5a0634289e363d06 DependenciesID=978bac89efbab2ebfd1846bb8d2e2b80 StaticDependenciesID=5262fecce0cccf1b08097e2f25326856 
Number of updated asset objects reloaded before import = 0Number of asset objects unloaded after import = 9

========================================================================
Received Import Request.
  Time since last request: 0.000038 seconds.
  path: Assets/ScifiOfficeLite/Meshes/Textures/Environment/Table texture set/Table Texture Set 4/Table texture set 4_Height.png
  importAddress: Guid(42751b5e2843be94aafd005839e69ae5) Importer(2089858483,b0f066a214c2f5e87bad3c948f4d605d)
Start importing Assets/ScifiOfficeLite/Meshes/Textures/Environment/Table texture set/Table Texture Set 4/Table texture set 4_Height.png using Guid(42751b5e2843be94aafd005839e69ae5) Importer(2089858483,b0f066a214c2f5e87bad3c948f4d605d) (ScriptedImporter) -> (Import Result ID: 'cdeb6e5ce3abdee105104556698cc0fa') in 0.0214122 seconds [static and dynamic dependencies]. Details - ImportResultOutputID=fcc1109044029590f0e4538bf9aef84c DependenciesID=43063a01dfe1db267f1cf90af20e9465 StaticDependenciesID=124668e325b36c011c2deed03efb1e27 
Number of updated asset objects reloaded before import = 0Number of asset objects unloaded after import = 1

========================================================================
Received Import Request.
  Time since last request: 0.000043 seconds.
  path: Assets/ScifiOfficeLite/Scene/Demo/Lightmap-3_comp_dir.png
  importAddress: Guid(956b1e195a1b1454cb14b37c71337cd1) Importer(2089858483,b0f066a214c2f5e87bad3c948f4d605d)
Start importing Assets/ScifiOfficeLite/Scene/Demo/Lightmap-3_comp_dir.png using Guid(956b1e195a1b1454cb14b37c71337cd1) Importer(2089858483,b0f066a214c2f5e87bad3c948f4d605d) (ScriptedImporter) -> (Import Result ID: '5d30fd8c6dac7c172220a065b42db6f8') in 0.0272835 seconds [static and dynamic dependencies]. Details - ImportResultOutputID=3de4833d68ab6649c94238d48c8e746b DependenciesID=31245079f98d069c2715098e1469b243 StaticDependenciesID=fd4644b2b1b73fc6dea8fc1111f88867 
Number of updated asset objects reloaded before import = 0Number of asset objects unloaded after import = 1

========================================================================
Received Import Request.
  Time since last request: 0.000032 seconds.
  path: Assets/ScifiOfficeLite/Scene/Demo
  importAddress: Guid(4fbc12896115ec44baeaee4a16baa653) Importer(2089858483,b0f066a214c2f5e87bad3c948f4d605d)
Start importing Assets/ScifiOfficeLite/Scene/Demo using Guid(4fbc12896115ec44baeaee4a16baa653) Importer(2089858483,b0f066a214c2f5e87bad3c948f4d605d) (ScriptedImporter) -> (Import Result ID: 'beaaa4e21055c80411cf084a362ebf43') in 0.0068615 seconds [static and dynamic dependencies]. Details - ImportResultOutputID=febb7827e1a963de63e96103a2d5c793 DependenciesID=8836948d284f81660be320b48aa35f1a StaticDependenciesID=24c053f9dc8365e093640325631631cf 
Number of updated asset objects reloaded before import = 0Number of asset objects unloaded after import = 1

========================================================================
Received Import Request.
  Time since last request: 0.000101 seconds.
  path: Assets/JustPlay/Сomputer devices/Objects/Mouse from pc/Textures/Roughness.png
  importAddress: Guid(60640ec6af1bfd941bd4ffc46d1ab688) Importer(2089858483,b0f066a214c2f5e87bad3c948f4d605d)
Start importing Assets/JustPlay/Сomputer devices/Objects/Mouse from pc/Textures/Roughness.png using Guid(60640ec6af1bfd941bd4ffc46d1ab688) Importer(2089858483,b0f066a214c2f5e87bad3c948f4d605d) (ScriptedImporter) -> (Import Result ID: '4ecb5d6dea845742c1e17bf48fd6c368') in 0.0275971 seconds [static and dynamic dependencies]. Details - ImportResultOutputID=c6facea9ec6afc37616b44c0cb314b91 DependenciesID=38d306840fcb0b8c4bc0fdbe288f5aed StaticDependenciesID=de3350180fae3f85b2cfe4318007c6d1 
Number of updated asset objects reloaded before import = 0Number of asset objects unloaded after import = 1

========================================================================
Received Import Request.
  Time since last request: 0.000077 seconds.
  path: Assets/ScifiOfficeLite/Meshes/Textures/Environment/Table texture set/Vase/vase_grey_Normal.png
  importAddress: Guid(fa0e2995fd47bf546b101657db6732a2) Importer(2089858483,b0f066a214c2f5e87bad3c948f4d605d)
Start importing Assets/ScifiOfficeLite/Meshes/Textures/Environment/Table texture set/Vase/vase_grey_Normal.png using Guid(fa0e2995fd47bf546b101657db6732a2) Importer(2089858483,b0f066a214c2f5e87bad3c948f4d605d) (ScriptedImporter) -> (Import Result ID: '4188a8b3b4ead11c75fdf659bb0bcd96') in 0.0258963 seconds [static and dynamic dependencies]. Details - ImportResultOutputID=5cb9024e9e065e4ec63b344d0c845512 DependenciesID=88a8bf8383b3f357e16ac22604390e6c StaticDependenciesID=caa9aed60f30ebc67fffd8b47621229f 
Number of updated asset objects reloaded before import = 0Number of asset objects unloaded after import = 1

========================================================================
Received Import Request.
  Time since last request: 0.000028 seconds.
  path: Assets/ScifiOfficeLite/Meshes/Materials/Table Texture Set/Table Texture Set 2.mat
  importAddress: Guid(691db30be31e7d44da5091dff90a19fc) Importer(2089858483,b0f066a214c2f5e87bad3c948f4d605d)
Start importing Assets/ScifiOfficeLite/Meshes/Materials/Table Texture Set/Table Texture Set 2.mat using Guid(691db30be31e7d44da5091dff90a19fc) Importer(2089858483,b0f066a214c2f5e87bad3c948f4d605d) (ScriptedImporter) -> (Import Result ID: 'b110681089679789c77cb56d6efb0f2f') in 0.0558545 seconds [static and dynamic dependencies]. Details - ImportResultOutputID=4a7b2f4962c239eddcb6f58ca7edfd06 DependenciesID=2ce427b78de35b81415c0867a0d3ee8e StaticDependenciesID=f0ec136024308c1a0e3fdff3ee30c99d 
Number of updated asset objects reloaded before import = 0Number of asset objects unloaded after import = 5

========================================================================
Received Import Request.
  Time since last request: 0.000042 seconds.
  path: Assets/ScifiOfficeLite/Meshes/Materials/Table Texture Set/Table Texture Set 5.mat
  importAddress: Guid(43c6c333495c322469f9cf093afac0d9) Importer(2089858483,b0f066a214c2f5e87bad3c948f4d605d)
Start importing Assets/ScifiOfficeLite/Meshes/Materials/Table Texture Set/Table Texture Set 5.mat using Guid(43c6c333495c322469f9cf093afac0d9) Importer(2089858483,b0f066a214c2f5e87bad3c948f4d605d) (ScriptedImporter) -> (Import Result ID: 'ef45be56ac008bef5becf410b3698ffd') in 0.0545251 seconds [static and dynamic dependencies]. Details - ImportResultOutputID=807a1d0012653a0374e24487d09a2b16 DependenciesID=084b9ace7db2916985ffc57656a0a91b StaticDependenciesID=ab360965a8628f58ab5fbe69b8494e9c 
Number of updated asset objects reloaded before import = 0Number of asset objects unloaded after import = 5

========================================================================
Received Import Request.
  Time since last request: 0.000043 seconds.
  path: Assets/ScifiOfficeLite/Meshes/Office Interior/Tv
  importAddress: Guid(b4c1c6b683aedde4e976b0fcd234a3de) Importer(2089858483,b0f066a214c2f5e87bad3c948f4d605d)
Start importing Assets/ScifiOfficeLite/Meshes/Office Interior/Tv using Guid(b4c1c6b683aedde4e976b0fcd234a3de) Importer(2089858483,b0f066a214c2f5e87bad3c948f4d605d) (ScriptedImporter) -> (Import Result ID: 'dd87ee928cdb954df9e4d55bfbdda1ca') in 0.0084234 seconds [static and dynamic dependencies]. Details - ImportResultOutputID=cd360380c2a36d45f324f5468e683b7a DependenciesID=42bc21c07d6df78fff50333c31b598ee StaticDependenciesID=0b9f8ca30a6ad028d0a7f113a8b09526 
Number of updated asset objects reloaded before import = 0Number of asset objects unloaded after import = 1

========================================================================
Received Import Request.
  Time since last request: 0.000138 seconds.
  path: Assets/ScifiOfficeLite/Meshes/Office Interior/Tray.FBX
  importAddress: Guid(77348b45d10d5804f974afd3b7582bfc) Importer(2089858483,b0f066a214c2f5e87bad3c948f4d605d)
Start importing Assets/ScifiOfficeLite/Meshes/Office Interior/Tray.FBX using Guid(77348b45d10d5804f974afd3b7582bfc) Importer(2089858483,b0f066a214c2f5e87bad3c948f4d605d) (ScriptedImporter) -> (Import Result ID: '34f97c30f8ffd967603df2a48298ded2') in 0.0276828 seconds [static and dynamic dependencies]. Details - ImportResultOutputID=994bae2ac7fb755a333e3836e5babe21 DependenciesID=7444d4f9379f9d2f16c0cd8831aa1a05 StaticDependenciesID=5993cc651275c9439c5d503d39e0b441 
Number of updated asset objects reloaded before import = 0Number of asset objects unloaded after import = 8

========================================================================
Received Import Request.
  Time since last request: 0.000027 seconds.
  path: Assets/ScifiOfficeLite/Meshes/Textures/Environment/Table texture set/Table Props
  importAddress: Guid(6ae0cbee4832259478da6d08ba1edea5) Importer(2089858483,b0f066a214c2f5e87bad3c948f4d605d)
Start importing Assets/ScifiOfficeLite/Meshes/Textures/Environment/Table texture set/Table Props using Guid(6ae0cbee4832259478da6d08ba1edea5) Importer(2089858483,b0f066a214c2f5e87bad3c948f4d605d) (ScriptedImporter) -> (Import Result ID: '257d78321f23f9528f821cc9ed3c08d0') in 0.0069849 seconds [static and dynamic dependencies]. Details - ImportResultOutputID=438ac5c834807c2bc728e392ff49daea DependenciesID=f2e6384fa32872deda87f273c5618538 StaticDependenciesID=b499b90f1e413049726bca63939e0a6c 
Number of updated asset objects reloaded before import = 0Number of asset objects unloaded after import = 1

========================================================================
Received Import Request.
  Time since last request: 0.000036 seconds.
  path: Assets/ScifiOfficeLite/Prefabs/Tables/Grey Wood
  importAddress: Guid(6248a98010f62184fa6a79db15b7517d) Importer(2089858483,b0f066a214c2f5e87bad3c948f4d605d)
Start importing Assets/ScifiOfficeLite/Prefabs/Tables/Grey Wood using Guid(6248a98010f62184fa6a79db15b7517d) Importer(2089858483,b0f066a214c2f5e87bad3c948f4d605d) (ScriptedImporter) -> (Import Result ID: '8caee91434840af54354f2afefb22d5e') in 0.0060683 seconds [static and dynamic dependencies]. Details - ImportResultOutputID=e60a9393cd13e13dc43055aa22f05b89 DependenciesID=9560cd5e4c73a072556fb7bffb44b874 StaticDependenciesID=1d9e66fc4e26e04422cba4dfcdd039de 
Number of updated asset objects reloaded before import = 0Number of asset objects unloaded after import = 1

========================================================================
Received Import Request.
  Time since last request: 0.000125 seconds.
  path: Assets/ScifiOfficeLite/Meshes/Textures/Environment/Table texture set/Table Props/tray_1001_MetallicSmoothness.png
  importAddress: Guid(8c5726c3debe32b4db7487ba08cc2ae1) Importer(2089858483,b0f066a214c2f5e87bad3c948f4d605d)
Start importing Assets/ScifiOfficeLite/Meshes/Textures/Environment/Table texture set/Table Props/tray_1001_MetallicSmoothness.png using Guid(8c5726c3debe32b4db7487ba08cc2ae1) Importer(2089858483,b0f066a214c2f5e87bad3c948f4d605d) (ScriptedImporter) -> (Import Result ID: '2b4e7e1f00bb7d711b7992141c9ef98c') in 0.0171641 seconds [static and dynamic dependencies]. Details - ImportResultOutputID=98091c1e27ad2bf49a06959d0572d32d DependenciesID=e941592647d04463669722c4ceaa9378 StaticDependenciesID=56d329aa8c927c40f4213aef25c1bc40 
Number of updated asset objects reloaded before import = 0Number of asset objects unloaded after import = 1

========================================================================
Received Import Request.
  Time since last request: 0.000069 seconds.
  path: Assets/ScifiOfficeLite/Meshes/Textures/Control Panel/Control Panel Table_Height.png
  importAddress: Guid(d0bb7f64cbfb31b48ab4f200c800de26) Importer(2089858483,b0f066a214c2f5e87bad3c948f4d605d)
Start importing Assets/ScifiOfficeLite/Meshes/Textures/Control Panel/Control Panel Table_Height.png using Guid(d0bb7f64cbfb31b48ab4f200c800de26) Importer(2089858483,b0f066a214c2f5e87bad3c948f4d605d) (ScriptedImporter) -> (Import Result ID: '80a4e0ef14fcc8ecf938c00c77a19280') in 0.0342214 seconds [static and dynamic dependencies]. Details - ImportResultOutputID=5a128465d44081afa3eec0d071cf3973 DependenciesID=2e7c1a16cf512d43bff94fcfdaa53215 StaticDependenciesID=6fd8b1da19e3097edc3cdd35c295f476 
Number of updated asset objects reloaded before import = 0Number of asset objects unloaded after import = 1

========================================================================
Received Import Request.
  Time since last request: 0.000098 seconds.
  path: Assets/ScifiOfficeLite/Meshes/Textures/Control Panel/Control Panel Table_Normal.png
  importAddress: Guid(a2b9e34784a19c443b251b0e00cdc820) Importer(2089858483,b0f066a214c2f5e87bad3c948f4d605d)
Start importing Assets/ScifiOfficeLite/Meshes/Textures/Control Panel/Control Panel Table_Normal.png using Guid(a2b9e34784a19c443b251b0e00cdc820) Importer(2089858483,b0f066a214c2f5e87bad3c948f4d605d) (ScriptedImporter) -> (Import Result ID: 'e9aa6d42d5c932e40bedd97836705706') in 0.0706945 seconds [static and dynamic dependencies]. Details - ImportResultOutputID=8ed99a0a8613a047b88e7f40a9d52537 DependenciesID=023fd761898e9b46dda8e860d136a151 StaticDependenciesID=752253aba439d2a33d3e09c167feab93 
Number of updated asset objects reloaded before import = 0Number of asset objects unloaded after import = 1

========================================================================
Received Import Request.
  Time since last request: 0.000099 seconds.
  path: Assets/ScifiOfficeLite/Meshes/Materials/Walls/Wall Set 2.mat
  importAddress: Guid(d5cc09dab19ed284995c560c17d04f6d) Importer(2089858483,b0f066a214c2f5e87bad3c948f4d605d)
Start importing Assets/ScifiOfficeLite/Meshes/Materials/Walls/Wall Set 2.mat using Guid(d5cc09dab19ed284995c560c17d04f6d) Importer(2089858483,b0f066a214c2f5e87bad3c948f4d605d) (ScriptedImporter) -> (Import Result ID: 'd741422519e71b4e94cbc41186055f6f') in 0.1166562 seconds [static and dynamic dependencies]. Details - ImportResultOutputID=645d6f8b74757e59b001a189a2a04908 DependenciesID=fac091b77078b36f64e65f8249e80bdf StaticDependenciesID=ee610142a1015348b1f74a9ab9dd2979 
Number of updated asset objects reloaded before import = 0Number of asset objects unloaded after import = 5

========================================================================
Received Import Request.
  Time since last request: 0.000040 seconds.
  path: Assets/ScifiOfficeLite/Scene/Demo/Lightmap-1_comp_dir.png
  importAddress: Guid(df4828a7778d2e0419350647efe5bf6b) Importer(2089858483,b0f066a214c2f5e87bad3c948f4d605d)
Start importing Assets/ScifiOfficeLite/Scene/Demo/Lightmap-1_comp_dir.png using Guid(df4828a7778d2e0419350647efe5bf6b) Importer(2089858483,b0f066a214c2f5e87bad3c948f4d605d) (ScriptedImporter) -> (Import Result ID: 'a3dcb1844a286020092264ee83cc500c') in 0.0313583 seconds [static and dynamic dependencies]. Details - ImportResultOutputID=1ce3a8ceafaf6f1788c052d4a6c9bfd0 DependenciesID=58a71a46ddd0b66ed6c178e5f68b847f StaticDependenciesID=5856367400695d7cd1d54a3be50873b7 
Number of updated asset objects reloaded before import = 0Number of asset objects unloaded after import = 1

========================================================================
Received Import Request.
  Time since last request: 0.000174 seconds.
  path: Assets/ScifiOfficeLite/Meshes/Textures/Environment/Table texture set/Table Texture set 2
  importAddress: Guid(21e65b11a1a3cb243b328140fb56ddd5) Importer(2089858483,b0f066a214c2f5e87bad3c948f4d605d)
Start importing Assets/ScifiOfficeLite/Meshes/Textures/Environment/Table texture set/Table Texture set 2 using Guid(21e65b11a1a3cb243b328140fb56ddd5) Importer(2089858483,b0f066a214c2f5e87bad3c948f4d605d) (ScriptedImporter) -> (Import Result ID: 'd5e08de2c0a3c70f9e3f22cb2d839d46') in 0.014489 seconds [static and dynamic dependencies]. Details - ImportResultOutputID=7122134c25f49d19e28b7c34af2a12bf DependenciesID=82b0cf32bad82bf94a013c2b012966d4 StaticDependenciesID=576a23cc3a02ecdc86daeba54d0bd588 
Number of updated asset objects reloaded before import = 0Number of asset objects unloaded after import = 1

========================================================================
Received Import Request.
  Time since last request: 0.000143 seconds.
  path: Assets/ScifiOfficeLite/Prefabs/Tables/Metal/Table Metal Variant.prefab
  importAddress: Guid(d50a3e9b50b5f0f4b9c69fe84036a6ed) Importer(2089858483,b0f066a214c2f5e87bad3c948f4d605d)
Start importing Assets/ScifiOfficeLite/Prefabs/Tables/Metal/Table Metal Variant.prefab using Guid(d50a3e9b50b5f0f4b9c69fe84036a6ed) Importer(2089858483,b0f066a214c2f5e87bad3c948f4d605d) (ScriptedImporter) -> (Import Result ID: 'c2d8c75f272f18081888ce66a50d6cad') in 0.0419191 seconds [static and dynamic dependencies]. Details - ImportResultOutputID=85cd25465e2ed584782e2f9a9977ef02 DependenciesID=c71700debd42ab1345e574437e8abcdd StaticDependenciesID=935c278468befaa8b21d0a513f4008af 
Number of updated asset objects reloaded before import = 0Number of asset objects unloaded after import = 48

========================================================================
Received Import Request.
  Time since last request: 0.000038 seconds.
  path: Assets/ScifiOfficeLite/Prefabs/Tray.prefab
  importAddress: Guid(64c1ca436cc9f024b948da169e23de04) Importer(2089858483,b0f066a214c2f5e87bad3c948f4d605d)
Start importing Assets/ScifiOfficeLite/Prefabs/Tray.prefab using Guid(64c1ca436cc9f024b948da169e23de04) Importer(2089858483,b0f066a214c2f5e87bad3c948f4d605d) (ScriptedImporter) -> (Import Result ID: '846a2524ca185ed3aba0cf49a1d6d5b2') in 0.0342128 seconds [static and dynamic dependencies]. Details - ImportResultOutputID=027cd3eec23e2c5b256989918cdfd2f5 DependenciesID=090350bf5da619e3eeb7820c35e708ab StaticDependenciesID=467a4a1a6f101ae394bcb05ad4e7277e 
Number of updated asset objects reloaded before import = 0Number of asset objects unloaded after import = 9

========================================================================
Received Import Request.
  Time since last request: 0.000036 seconds.
  path: Assets/ScifiOfficeLite/Meshes/Textures/Environment/Table texture set/Table Texture set 3/Table texture set 3_Height.png
  importAddress: Guid(1a7a4962f5baa8c4e9c9464d080d8d8b) Importer(2089858483,b0f066a214c2f5e87bad3c948f4d605d)
Start importing Assets/ScifiOfficeLite/Meshes/Textures/Environment/Table texture set/Table Texture set 3/Table texture set 3_Height.png using Guid(1a7a4962f5baa8c4e9c9464d080d8d8b) Importer(2089858483,b0f066a214c2f5e87bad3c948f4d605d) (ScriptedImporter) -> (Import Result ID: 'fa3f5301948858283fb98fe5055664ed') in 0.0336734 seconds [static and dynamic dependencies]. Details - ImportResultOutputID=8677a3c3e72687e16efe583bc0a2015c DependenciesID=b874553e81b396b72b0efb0f1499ef75 StaticDependenciesID=5274d7620f8e10a6bb34a39fd5db6901 
Number of updated asset objects reloaded before import = 0Number of asset objects unloaded after import = 1

========================================================================
Received Import Request.
  Time since last request: 0.000048 seconds.
  path: Assets/ScifiOfficeLite/Meshes/Textures/Environment/Ground/Concrete Floor/Concrete Floor Polished Normal.tif
  importAddress: Guid(954bb29f81b65864e85a3f5aaf6854dc) Importer(2089858483,b0f066a214c2f5e87bad3c948f4d605d)
Start importing Assets/ScifiOfficeLite/Meshes/Textures/Environment/Ground/Concrete Floor/Concrete Floor Polished Normal.tif using Guid(954bb29f81b65864e85a3f5aaf6854dc) Importer(2089858483,b0f066a214c2f5e87bad3c948f4d605d) (ScriptedImporter) -> (Import Result ID: 'c88efeb40386febba757f403a24a5be9') in 0.0361365 seconds [static and dynamic dependencies]. Details - ImportResultOutputID=969355af0362c6d121e55478a994f861 DependenciesID=0abdb9b602072c239df76395ea2c5133 StaticDependenciesID=359b86b24a511a1ccabc7b2bfe3fa541 
Number of updated asset objects reloaded before import = 0Number of asset objects unloaded after import = 1

========================================================================
Received Import Request.
  Time since last request: 0.000038 seconds.
  path: Assets/ScifiOfficeLite/Meshes/Textures/Environment/Table texture set/Table Texture set 1/Table texture set 1_Height.png
  importAddress: Guid(3bf52344b90360a49960f4225e9d5a22) Importer(2089858483,b0f066a214c2f5e87bad3c948f4d605d)
Start importing Assets/ScifiOfficeLite/Meshes/Textures/Environment/Table texture set/Table Texture set 1/Table texture set 1_Height.png using Guid(3bf52344b90360a49960f4225e9d5a22) Importer(2089858483,b0f066a214c2f5e87bad3c948f4d605d) (ScriptedImporter) -> (Import Result ID: 'ea8a9faccfb70a2b9820a3c6c098e157') in 0.0285524 seconds [static and dynamic dependencies]. Details - ImportResultOutputID=e3b744c1993104d3274e091f7723911a DependenciesID=315a869ae8e994a92e7fb0a8c244a7fc StaticDependenciesID=25357319b75184169eb80779c05d3d4b 
Number of updated asset objects reloaded before import = 0Number of asset objects unloaded after import = 1

========================================================================
Received Import Request.
  Time since last request: 0.000140 seconds.
  path: Assets/ScifiOfficeLite/Meshes/Textures/Environment/Wall texture/Wall set 2/Wall_Multiset_2_Maskmap.png
  importAddress: Guid(ad06a037a3a8b464d8a2e9b1a739c8bf) Importer(2089858483,b0f066a214c2f5e87bad3c948f4d605d)
Start importing Assets/ScifiOfficeLite/Meshes/Textures/Environment/Wall texture/Wall set 2/Wall_Multiset_2_Maskmap.png using Guid(ad06a037a3a8b464d8a2e9b1a739c8bf) Importer(2089858483,b0f066a214c2f5e87bad3c948f4d605d) (ScriptedImporter) -> (Import Result ID: '222851062b4e684ff707cfdae873f77b') in 0.0567335 seconds [static and dynamic dependencies]. Details - ImportResultOutputID=c29632d40b5a8e59731c6663c374321c DependenciesID=dccb47973227efe4bf412e5990aa738c StaticDependenciesID=5fed12f4c6fa1b72f3f4c690c00338f6 
Number of updated asset objects reloaded before import = 0Number of asset objects unloaded after import = 1

========================================================================
Received Import Request.
  Time since last request: 0.000044 seconds.
  path: Assets/ScifiOfficeLite/Meshes/Textures/Control Panel
  importAddress: Guid(46732ac7b20e1224aa067f5ccd689b31) Importer(2089858483,b0f066a214c2f5e87bad3c948f4d605d)
Start importing Assets/ScifiOfficeLite/Meshes/Textures/Control Panel using Guid(46732ac7b20e1224aa067f5ccd689b31) Importer(2089858483,b0f066a214c2f5e87bad3c948f4d605d) (ScriptedImporter) -> (Import Result ID: 'bebb58573e68045400f8210d23a1d2ce') in 0.0122588 seconds [static and dynamic dependencies]. Details - ImportResultOutputID=eb7d64b647de989d533a2746244c27a0 DependenciesID=e0ced74eb754a5a790b06a8709b894bc StaticDependenciesID=b9680b646a9d526bc52e53cda333cebb 
Number of updated asset objects reloaded before import = 0Number of asset objects unloaded after import = 1

========================================================================
Received Import Request.
  Time since last request: 0.000173 seconds.
  path: Assets/ScifiOfficeLite/Meshes/Textures/Environment/Table texture set/Table Props/crates  AO.png
  importAddress: Guid(32676eeed124d0f4c8b42f23d01d79dd) Importer(2089858483,b0f066a214c2f5e87bad3c948f4d605d)
Start importing Assets/ScifiOfficeLite/Meshes/Textures/Environment/Table texture set/Table Props/crates  AO.png using Guid(32676eeed124d0f4c8b42f23d01d79dd) Importer(2089858483,b0f066a214c2f5e87bad3c948f4d605d) (ScriptedImporter) -> (Import Result ID: 'c90051ab1064f713261037dc074f80cd') in 0.0269679 seconds [static and dynamic dependencies]. Details - ImportResultOutputID=8c08090ed3ab090cc849acf6299e48e2 DependenciesID=f8dcc314534ccec55ed355f6fbc968e8 StaticDependenciesID=9a9db5f84869ae667975d5fd77e72f3b 
Number of updated asset objects reloaded before import = 0Number of asset objects unloaded after import = 1

========================================================================
Received Import Request.
  Time since last request: 0.000037 seconds.
  path: Assets/ScifiOfficeLite/Meshes/Textures/Environment/Lights
  importAddress: Guid(e8c0c129c8393ff4fa384653205ff904) Importer(2089858483,b0f066a214c2f5e87bad3c948f4d605d)
Start importing Assets/ScifiOfficeLite/Meshes/Textures/Environment/Lights using Guid(e8c0c129c8393ff4fa384653205ff904) Importer(2089858483,b0f066a214c2f5e87bad3c948f4d605d) (ScriptedImporter) -> (Import Result ID: '300e1ccf4d19f9f706de21fe3583be38') in 0.0133464 seconds [static and dynamic dependencies]. Details - ImportResultOutputID=afa4fb828d164acd4d94f6bbc6b66cc8 DependenciesID=aa96bd3550fd3679188f3acb6a2fe55e StaticDependenciesID=f74b6ce3e05f125b4f4d1551b2ea9067 
Number of updated asset objects reloaded before import = 0Number of asset objects unloaded after import = 1

========================================================================
Received Import Request.
  Time since last request: 0.000117 seconds.
  path: Assets/ScifiOfficeLite/Meshes/Textures/Environment/Table texture set/Table Props/shelf_1001_AlbedoTransparency.png
  importAddress: Guid(a78e3cd19bb3c1a4083d397984611823) Importer(2089858483,b0f066a214c2f5e87bad3c948f4d605d)
Start importing Assets/ScifiOfficeLite/Meshes/Textures/Environment/Table texture set/Table Props/shelf_1001_AlbedoTransparency.png using Guid(a78e3cd19bb3c1a4083d397984611823) Importer(2089858483,b0f066a214c2f5e87bad3c948f4d605d) (ScriptedImporter) -> (Import Result ID: '2ee99992850a853365895dcfffe7c5b5') in 0.0294385 seconds [static and dynamic dependencies]. Details - ImportResultOutputID=498fce24f2ff3c94a51749cf5f100a29 DependenciesID=173e466795b540abed6057658b1726a2 StaticDependenciesID=c513653b82774fa1e02d1a80498d990d 
Number of updated asset objects reloaded before import = 0Number of asset objects unloaded after import = 1

========================================================================
Received Import Request.
  Time since last request: 0.000104 seconds.
  path: Assets/ScifiOfficeLite/Meshes/Textures/Environment/Ground/Carpet
  importAddress: Guid(b207a947c2a0dc6429df5f2224cb6106) Importer(2089858483,b0f066a214c2f5e87bad3c948f4d605d)
Start importing Assets/ScifiOfficeLite/Meshes/Textures/Environment/Ground/Carpet using Guid(b207a947c2a0dc6429df5f2224cb6106) Importer(2089858483,b0f066a214c2f5e87bad3c948f4d605d) (ScriptedImporter) -> (Import Result ID: 'e0c7b4eae5f88ebd2c58fc6ebc350c0f') in 0.015054 seconds [static and dynamic dependencies]. Details - ImportResultOutputID=51b21c785c5d5e0d73f3de5d104b2b25 DependenciesID=df6b6a004d03e33945f654395ee9b327 StaticDependenciesID=0456f279b3a076f6824996fdaee4be9c 
Number of updated asset objects reloaded before import = 0Number of asset objects unloaded after import = 1

========================================================================
Received Import Request.
  Time since last request: 0.000146 seconds.
  path: Assets/ScifiOfficeLite/Prefabs/Tech Accessories/Mechanical arm 1.prefab
  importAddress: Guid(a900f1c22e5d88743b2dcfab96b6a24c) Importer(2089858483,b0f066a214c2f5e87bad3c948f4d605d)
Start importing Assets/ScifiOfficeLite/Prefabs/Tech Accessories/Mechanical arm 1.prefab using Guid(a900f1c22e5d88743b2dcfab96b6a24c) Importer(2089858483,b0f066a214c2f5e87bad3c948f4d605d) (ScriptedImporter) -> (Import Result ID: '51b915bb47b3b17e489f8ab17683f726') in 0.0519855 seconds [static and dynamic dependencies]. Details - ImportResultOutputID=fe832f01da135367f43123e861ebbd8d DependenciesID=aff6cb01c5519cc4bc43ef7a416cd740 StaticDependenciesID=33d93d864d5611c56fc09a9c7cfbb626 
Number of updated asset objects reloaded before import = 0Number of asset objects unloaded after import = 125

========================================================================
Received Import Request.
  Time since last request: 0.000042 seconds.
  path: Assets/ScifiOfficeLite/Meshes/Materials/Ground Mats/Epoxy/Epoxy Ground 20m.mat
  importAddress: Guid(8deb5a21c783e7e469134e16e01686d1) Importer(2089858483,b0f066a214c2f5e87bad3c948f4d605d)
Start importing Assets/ScifiOfficeLite/Meshes/Materials/Ground Mats/Epoxy/Epoxy Ground 20m.mat using Guid(8deb5a21c783e7e469134e16e01686d1) Importer(2089858483,b0f066a214c2f5e87bad3c948f4d605d) (ScriptedImporter) -> (Import Result ID: 'a65a46b8c9f415465558ba092ca5357c') in 0.0588966 seconds [static and dynamic dependencies]. Details - ImportResultOutputID=490dcf5d2eb66a365785ed33c8677415 DependenciesID=c8ec37f2beb2f1271ef3a7be8b854026 StaticDependenciesID=5aaecae9b6a4c66327acaea18820d414 
Number of updated asset objects reloaded before import = 0Number of asset objects unloaded after import = 4

========================================================================
Received Import Request.
  Time since last request: 0.000054 seconds.
  path: Assets/ScifiOfficeLite/Meshes/Textures/Interactables and Doors/Doors/Door 1 Masked Map.tif
  importAddress: Guid(db329997a13d2f144b29420fa654fb0d) Importer(2089858483,b0f066a214c2f5e87bad3c948f4d605d)
Start importing Assets/ScifiOfficeLite/Meshes/Textures/Interactables and Doors/Doors/Door 1 Masked Map.tif using Guid(db329997a13d2f144b29420fa654fb0d) Importer(2089858483,b0f066a214c2f5e87bad3c948f4d605d) (ScriptedImporter) -> (Import Result ID: '2f4ff9532d38389502f816eadda91c9f') in 0.063878 seconds [static and dynamic dependencies]. Details - ImportResultOutputID=7936fb870a3e2e37ea399f39d0adf7f2 DependenciesID=dcc192e7a6b26a1f3ff1b02acc006959 StaticDependenciesID=457157f08bfe732fc1b4feb2c803362f 
Number of updated asset objects reloaded before import = 0Number of asset objects unloaded after import = 1

========================================================================
Received Import Request.
  Time since last request: 0.000125 seconds.
  path: Assets/ScifiOfficeLite/Meshes/Textures/Environment/Ground/Concrete Floor/Concrete Floor Polished AO.tif
  importAddress: Guid(323a2e8fd0717dd4bbc6125b58d37c9c) Importer(2089858483,b0f066a214c2f5e87bad3c948f4d605d)
Start importing Assets/ScifiOfficeLite/Meshes/Textures/Environment/Ground/Concrete Floor/Concrete Floor Polished AO.tif using Guid(323a2e8fd0717dd4bbc6125b58d37c9c) Importer(2089858483,b0f066a214c2f5e87bad3c948f4d605d) (ScriptedImporter) -> (Import Result ID: 'de8dc0fca55c63b9de14220d5d0ea5f1') in 0.0409127 seconds [static and dynamic dependencies]. Details - ImportResultOutputID=a3022193761a867e16a652e0cee80ba7 DependenciesID=ea2b05016e53832dae6f9496777f913c StaticDependenciesID=ba039998d99c473d82d0a727eb8d99d3 
Number of updated asset objects reloaded before import = 0Number of asset objects unloaded after import = 1

========================================================================
Received Import Request.
  Time since last request: 0.000059 seconds.
  path: Assets/ScifiOfficeLite/Prefabs/Drawers/Vase.prefab
  importAddress: Guid(2fec7c553d7825f4d8ed5bfae78a437c) Importer(2089858483,b0f066a214c2f5e87bad3c948f4d605d)
Start importing Assets/ScifiOfficeLite/Prefabs/Drawers/Vase.prefab using Guid(2fec7c553d7825f4d8ed5bfae78a437c) Importer(2089858483,b0f066a214c2f5e87bad3c948f4d605d) (ScriptedImporter) -> (Import Result ID: '3afe93509956c4aa2ec31f08c01cb9bb') in 0.0273584 seconds [static and dynamic dependencies]. Details - ImportResultOutputID=35c9aa85f453b62b309fedadadb42783 DependenciesID=bad2f9d730d6d544a93e90a07b8b3326 StaticDependenciesID=48c35cee21b4954e59e0f928365daa3d 
Number of updated asset objects reloaded before import = 0Number of asset objects unloaded after import = 9

========================================================================
Received Import Request.
  Time since last request: 0.000040 seconds.
  path: Assets/ScifiOfficeLite/Meshes/Sci-Fi Environment
  importAddress: Guid(bff9b4ff2545a19438512dd0bba01c27) Importer(2089858483,b0f066a214c2f5e87bad3c948f4d605d)
Start importing Assets/ScifiOfficeLite/Meshes/Sci-Fi Environment using Guid(bff9b4ff2545a19438512dd0bba01c27) Importer(2089858483,b0f066a214c2f5e87bad3c948f4d605d) (ScriptedImporter) -> (Import Result ID: 'fa6762481d561dab526b124a9efc22bd') in 0.0094223 seconds [static and dynamic dependencies]. Details - ImportResultOutputID=72db603504fd0946c57887a3420bb70b DependenciesID=72256955d687d5e5e50a299faacd069b StaticDependenciesID=ff9ee1aa114d118e6cdfed83d60331a3 
Number of updated asset objects reloaded before import = 0Number of asset objects unloaded after import = 1

========================================================================
Received Import Request.
  Time since last request: 0.000040 seconds.
  path: Assets/ScifiOfficeLite/Meshes/Materials/Table Texture Set/Table Texture Set 1 V2.mat
  importAddress: Guid(20051cf3f6527f645bea688f325d30dc) Importer(2089858483,b0f066a214c2f5e87bad3c948f4d605d)
Start importing Assets/ScifiOfficeLite/Meshes/Materials/Table Texture Set/Table Texture Set 1 V2.mat using Guid(20051cf3f6527f645bea688f325d30dc) Importer(2089858483,b0f066a214c2f5e87bad3c948f4d605d) (ScriptedImporter) -> (Import Result ID: '0d2d5c6aabd7f8b44346fe763706a18f') in 0.046371 seconds [static and dynamic dependencies]. Details - ImportResultOutputID=6cfc2b00d05c4d00acf1215e14e50153 DependenciesID=61e89ddec560969d252e895f5e86decf StaticDependenciesID=d2ed4d34f70f1505836a6f5435db439f 
Number of updated asset objects reloaded before import = 0Number of asset objects unloaded after import = 5

========================================================================
Received Import Request.
  Time since last request: 0.000489 seconds.
  path: Assets/ScifiOfficeLite/Meshes/Walls
  importAddress: Guid(ffb12b39853d30b41aab8e8392e75005) Importer(2089858483,b0f066a214c2f5e87bad3c948f4d605d)
Start importing Assets/ScifiOfficeLite/Meshes/Walls using Guid(ffb12b39853d30b41aab8e8392e75005) Importer(2089858483,b0f066a214c2f5e87bad3c948f4d605d) (ScriptedImporter) -> (Import Result ID: '6a52f58f9cd8f79c71ac754c083e53e0') in 0.0111433 seconds [static and dynamic dependencies]. Details - ImportResultOutputID=e2fec4eff1a50cd1aa263662431e78d3 DependenciesID=8e9b5d64235af7ae1b44c2a3ffa26256 StaticDependenciesID=47c7eb141725c00444e5bdab9a30317a 
Number of updated asset objects reloaded before import = 0Number of asset objects unloaded after import = 1

========================================================================
Received Import Request.
  Time since last request: 0.000108 seconds.
  path: Assets/ScifiOfficeLite/Meshes/Materials/Techware
  importAddress: Guid(de7e176360f5d3f46939fe24decf56eb) Importer(2089858483,b0f066a214c2f5e87bad3c948f4d605d)
Start importing Assets/ScifiOfficeLite/Meshes/Materials/Techware using Guid(de7e176360f5d3f46939fe24decf56eb) Importer(2089858483,b0f066a214c2f5e87bad3c948f4d605d) (ScriptedImporter) -> (Import Result ID: '9a3b52eebe15c0a76bec357619bf82a2') in 0.0092625 seconds [static and dynamic dependencies]. Details - ImportResultOutputID=c9cd61d132c493c695a21f9f113cff7b DependenciesID=66e7990c56eca729851c6cd3089699f2 StaticDependenciesID=df2f4a59cdabc1c7edaaf046daefdd33 
Number of updated asset objects reloaded before import = 0Number of asset objects unloaded after import = 1

========================================================================
Received Import Request.
  Time since last request: 0.000103 seconds.
  path: Assets/ScifiOfficeLite/Meshes/Textures/Environment/Ground/Concrete Floor/Concrete Floor Polished Roughness.tif
  importAddress: Guid(e19345199d4a0964bb66cec7a1ff0908) Importer(2089858483,b0f066a214c2f5e87bad3c948f4d605d)
Start importing Assets/ScifiOfficeLite/Meshes/Textures/Environment/Ground/Concrete Floor/Concrete Floor Polished Roughness.tif using Guid(e19345199d4a0964bb66cec7a1ff0908) Importer(2089858483,b0f066a214c2f5e87bad3c948f4d605d) (ScriptedImporter) -> (Import Result ID: '9f653fc3eea33457559f923148e5b7ff') in 0.0237378 seconds [static and dynamic dependencies]. Details - ImportResultOutputID=5729ac5152413470c887d82301ba34c4 DependenciesID=4fafe20a26b961a2cc9a2561f3077d82 StaticDependenciesID=7664942bc18c09c5004dbb1296bb91a1 
Number of updated asset objects reloaded before import = 0Number of asset objects unloaded after import = 1

========================================================================
Received Import Request.
  Time since last request: 0.000115 seconds.
  path: Assets/ScifiOfficeLite/Meshes/Textures/Environment/Wall texture
  importAddress: Guid(0a205c6927740eb42a02d26b85e137f4) Importer(2089858483,b0f066a214c2f5e87bad3c948f4d605d)
Start importing Assets/ScifiOfficeLite/Meshes/Textures/Environment/Wall texture using Guid(0a205c6927740eb42a02d26b85e137f4) Importer(2089858483,b0f066a214c2f5e87bad3c948f4d605d) (ScriptedImporter) -> (Import Result ID: '2ef451820e6b8fd46b15385d2c9e5ea8') in 0.0084232 seconds [static and dynamic dependencies]. Details - ImportResultOutputID=bf62aa78ecaa20be0f8abb4482e87519 DependenciesID=a998833c4c90e832e5ae8e0860dd36e0 StaticDependenciesID=24f6356c130d4de11e36cefd74b2f29d 
Number of updated asset objects reloaded before import = 0Number of asset objects unloaded after import = 1

========================================================================
Received Import Request.
  Time since last request: 0.000087 seconds.
  path: Assets/ScifiOfficeLite/Meshes/Textures/Environment/Table texture set/Table Props/crates_1001_MetallicSmoothness.png
  importAddress: Guid(bd875ce012fdaf74eb6891b49786a43e) Importer(2089858483,b0f066a214c2f5e87bad3c948f4d605d)
Start importing Assets/ScifiOfficeLite/Meshes/Textures/Environment/Table texture set/Table Props/crates_1001_MetallicSmoothness.png using Guid(bd875ce012fdaf74eb6891b49786a43e) Importer(2089858483,b0f066a214c2f5e87bad3c948f4d605d) (ScriptedImporter) -> (Import Result ID: 'c10fadd88f223b49fdb5d73d2c5c462c') in 0.0229194 seconds [static and dynamic dependencies]. Details - ImportResultOutputID=5cd1463c5ceba5b5a015cac77d51b7c7 DependenciesID=f2bed219437e94b700533cc65414ae39 StaticDependenciesID=316c4920b465a8ffd2cd1ec6b1c7bf10 
Number of updated asset objects reloaded before import = 0Number of asset objects unloaded after import = 1

========================================================================
Received Import Request.
  Time since last request: 0.000348 seconds.
  path: Assets/ScifiOfficeLite/Meshes/Office Interior/Carpet/Carpet 13.FBX
  importAddress: Guid(7b04682a6ca2fb3469b49ad8f05c9930) Importer(2089858483,b0f066a214c2f5e87bad3c948f4d605d)
Start importing Assets/ScifiOfficeLite/Meshes/Office Interior/Carpet/Carpet 13.FBX using Guid(7b04682a6ca2fb3469b49ad8f05c9930) Importer(2089858483,b0f066a214c2f5e87bad3c948f4d605d) (ScriptedImporter) -> (Import Result ID: '88185232fa37ebe063b869f8d6e8fa1f') in 0.0323198 seconds [static and dynamic dependencies]. Details - ImportResultOutputID=7dc969dad01feab78521065cbf59506a DependenciesID=3b96a5d8ce8831f165c505ce0c4f9c30 StaticDependenciesID=67c864e51b63aa118ef7a926fbf943b4 
Number of updated asset objects reloaded before import = 0Number of asset objects unloaded after import = 8

========================================================================
Received Import Request.
  Time since last request: 0.000038 seconds.
  path: Assets/ScifiOfficeLite/Meshes/Textures/Environment/Chair set/Type 2/Chair Set T2_Diffuse.png
  importAddress: Guid(b7d092ddcdafe1749837e0bdd0e46e26) Importer(2089858483,b0f066a214c2f5e87bad3c948f4d605d)
Start importing Assets/ScifiOfficeLite/Meshes/Textures/Environment/Chair set/Type 2/Chair Set T2_Diffuse.png using Guid(b7d092ddcdafe1749837e0bdd0e46e26) Importer(2089858483,b0f066a214c2f5e87bad3c948f4d605d) (ScriptedImporter) -> (Import Result ID: '8e14bf1223b2a4acdf7c176ce8f1786c') in 0.0340804 seconds [static and dynamic dependencies]. Details - ImportResultOutputID=c0d8b13af0a1d7a528091d3a49c5a7ae DependenciesID=9cbca6f8b881a68441659c69b9f08264 StaticDependenciesID=142ce3f84e3a18fb2a66fa7507edf001 
Number of updated asset objects reloaded before import = 0Number of asset objects unloaded after import = 1

========================================================================
Received Import Request.
  Time since last request: 0.000142 seconds.
  path: Assets/ScifiOfficeLite/Meshes/Materials/Table Texture Set/Crates.mat
  importAddress: Guid(a457eeed7158dbe4199e5cc71f4f9b35) Importer(2089858483,b0f066a214c2f5e87bad3c948f4d605d)
Start importing Assets/ScifiOfficeLite/Meshes/Materials/Table Texture Set/Crates.mat using Guid(a457eeed7158dbe4199e5cc71f4f9b35) Importer(2089858483,b0f066a214c2f5e87bad3c948f4d605d) (ScriptedImporter) -> (Import Result ID: 'f83dc02df951082c15a95eb7396e95e8') in 0.0393521 seconds [static and dynamic dependencies]. Details - ImportResultOutputID=9819a9c5ba8e3c590bf14e5a3864ee2d DependenciesID=25d9de7f916cacc6eb8223bbd8b3a69a StaticDependenciesID=f63a3f3b63dc29bfc7236b1b2b62e47e 
Number of updated asset objects reloaded before import = 0Number of asset objects unloaded after import = 5

========================================================================
Received Import Request.
  Time since last request: 0.000044 seconds.
  path: Assets/ScifiOfficeLite/Meshes/Textures/Environment/Ground/Carpet/Door Mat_Normal.png
  importAddress: Guid(b8564ed44837ce7459103a6a81e38c71) Importer(2089858483,b0f066a214c2f5e87bad3c948f4d605d)
Start importing Assets/ScifiOfficeLite/Meshes/Textures/Environment/Ground/Carpet/Door Mat_Normal.png using Guid(b8564ed44837ce7459103a6a81e38c71) Importer(2089858483,b0f066a214c2f5e87bad3c948f4d605d) (ScriptedImporter) -> (Import Result ID: '44ac061a4489f68a11623e39318f0522') in 0.0754377 seconds [static and dynamic dependencies]. Details - ImportResultOutputID=081b321bd87fb48b32c6204ad0218b86 DependenciesID=bf373e0bcca94785bcbd0cd917e59fc8 StaticDependenciesID=647b8d90b3015c9b579d1dfd82a68646 
Number of updated asset objects reloaded before import = 0Number of asset objects unloaded after import = 1

========================================================================
Received Import Request.
  Time since last request: 0.000073 seconds.
  path: Assets/ScifiOfficeLite/Meshes/Materials/Walls/Wall Set 1 T1.mat
  importAddress: Guid(f88206340a69fea4eb7337be27aa7c42) Importer(2089858483,b0f066a214c2f5e87bad3c948f4d605d)
Start importing Assets/ScifiOfficeLite/Meshes/Materials/Walls/Wall Set 1 T1.mat using Guid(f88206340a69fea4eb7337be27aa7c42) Importer(2089858483,b0f066a214c2f5e87bad3c948f4d605d) (ScriptedImporter) -> (Import Result ID: '5a26d1ead955db890955591e0278be48') in 0.0658806 seconds [static and dynamic dependencies]. Details - ImportResultOutputID=d5d8df776875d76434d6af2f4cd6ac22 DependenciesID=ea012408a57a896b980bb77d53cc2922 StaticDependenciesID=4d198005f2d7e51451ea9b2ed0ec86b1 
Number of updated asset objects reloaded before import = 0Number of asset objects unloaded after import = 4

========================================================================
Received Import Request.
  Time since last request: 0.000047 seconds.
  path: Assets/ScifiOfficeLite/Meshes/Textures/Environment/Chair set/Type 2/Chair Set T2_Height.png
  importAddress: Guid(415a0de9131268049997038edabad413) Importer(2089858483,b0f066a214c2f5e87bad3c948f4d605d)
Start importing Assets/ScifiOfficeLite/Meshes/Textures/Environment/Chair set/Type 2/Chair Set T2_Height.png using Guid(415a0de9131268049997038edabad413) Importer(2089858483,b0f066a214c2f5e87bad3c948f4d605d) (ScriptedImporter) -> (Import Result ID: '335a6852f97a846d61c1894b6f60d6dc') in 0.0245618 seconds [static and dynamic dependencies]. Details - ImportResultOutputID=0858c34802c1b31c7c1c6de4c9d1ff49 DependenciesID=1510353d7f44617957b8f681b743771b StaticDependenciesID=d4bdbdebff2313f4f4a697802259efec 
Number of updated asset objects reloaded before import = 0Number of asset objects unloaded after import = 1

========================================================================
Received Import Request.
  Time since last request: 0.000158 seconds.
  path: Assets/ScifiOfficeLite/Scripts/DemoDoor.cs
  importAddress: Guid(f78b45fc9b1ca7443980bd236eab5946) Importer(2089858483,b0f066a214c2f5e87bad3c948f4d605d)
Start importing Assets/ScifiOfficeLite/Scripts/DemoDoor.cs using Guid(f78b45fc9b1ca7443980bd236eab5946) Importer(2089858483,b0f066a214c2f5e87bad3c948f4d605d) (ScriptedImporter) -> (Import Result ID: '6bd9480cd01d238ed359edcddc28305e') in 0.0110864 seconds [static and dynamic dependencies]. Details - ImportResultOutputID=d48c8800df7d998c14ed3f4b6d4a643a DependenciesID=62044ff1119ad4c162a9f47d4283e3c6 StaticDependenciesID=08f4c5b80a5cfe18644c953ddedd0ac5 
Number of updated asset objects reloaded before import = 0Number of asset objects unloaded after import = 0

========================================================================
Received Import Request.
  Time since last request: 0.000169 seconds.
  path: Assets/ScifiOfficeLite/Meshes/Textures/Environment/Table texture set/Table Texture Set 5/Table texture set 5_Normal.png
  importAddress: Guid(e897ad287b2fa41439e72876579222b0) Importer(2089858483,b0f066a214c2f5e87bad3c948f4d605d)
Start importing Assets/ScifiOfficeLite/Meshes/Textures/Environment/Table texture set/Table Texture Set 5/Table texture set 5_Normal.png using Guid(e897ad287b2fa41439e72876579222b0) Importer(2089858483,b0f066a214c2f5e87bad3c948f4d605d) (ScriptedImporter) -> (Import Result ID: 'd2e27fc53a22b71789f71e2f040b3e38') in 0.0251393 seconds [static and dynamic dependencies]. Details - ImportResultOutputID=27abf93132dc4cd9c31c27c81a53cb56 DependenciesID=43e182fafadf2f370b2a59325114a10f StaticDependenciesID=9542771f8a6a9eefc84b1b0ee8145763 
Number of updated asset objects reloaded before import = 0Number of asset objects unloaded after import = 1

========================================================================
Received Import Request.
  Time since last request: 0.000177 seconds.
  path: Assets/ScifiOfficeLite/Prefabs/Tables/Blue Plastic
  importAddress: Guid(c84719a45801c1c4691a9565d607cd4b) Importer(2089858483,b0f066a214c2f5e87bad3c948f4d605d)
Start importing Assets/ScifiOfficeLite/Prefabs/Tables/Blue Plastic using Guid(c84719a45801c1c4691a9565d607cd4b) Importer(2089858483,b0f066a214c2f5e87bad3c948f4d605d) (ScriptedImporter) -> (Import Result ID: '4ba7e1bf54f34a6d4678c3ad145dc5e5') in 0.0087166 seconds [static and dynamic dependencies]. Details - ImportResultOutputID=3284aaf41197b9310e530e552d61ee7b DependenciesID=71790d182c03e27351cf742a608dfa3e StaticDependenciesID=a3116cb13578f22d97dcb4eb274e410c 
Number of updated asset objects reloaded before import = 0Number of asset objects unloaded after import = 1

========================================================================
Received Import Request.
  Time since last request: 0.000100 seconds.
  path: Assets/ScifiOfficeLite/Meshes/Materials/Interactables and Doors/Server, Control, Security panel/Mechanical arms.mat
  importAddress: Guid(9ad210bc9fa286e47a62e047c835fafb) Importer(2089858483,b0f066a214c2f5e87bad3c948f4d605d)
Start importing Assets/ScifiOfficeLite/Meshes/Materials/Interactables and Doors/Server, Control, Security panel/Mechanical arms.mat using Guid(9ad210bc9fa286e47a62e047c835fafb) Importer(2089858483,b0f066a214c2f5e87bad3c948f4d605d) (ScriptedImporter) -> (Import Result ID: '19fa76e437f037cd7a3805553630a037') in 0.0416497 seconds [static and dynamic dependencies]. Details - ImportResultOutputID=96e7a45a772e309687f04f7686d12996 DependenciesID=d9c3fcdfd5328fc3414ab880fc4dbee9 StaticDependenciesID=b30f7815bcd96e21cee476414c052863 
Number of updated asset objects reloaded before import = 0Number of asset objects unloaded after import = 5

========================================================================
Received Import Request.
  Time since last request: 0.000043 seconds.
  path: Assets/ScifiOfficeLite/Meshes/Textures/Environment/Table texture set/Table Props/tray AO.png
  importAddress: Guid(05d2ac4a69b1b11409b8e329c874f14e) Importer(2089858483,b0f066a214c2f5e87bad3c948f4d605d)
Start importing Assets/ScifiOfficeLite/Meshes/Textures/Environment/Table texture set/Table Props/tray AO.png using Guid(05d2ac4a69b1b11409b8e329c874f14e) Importer(2089858483,b0f066a214c2f5e87bad3c948f4d605d) (ScriptedImporter) -> (Import Result ID: 'd63fed5d0ded20114e1fa3f2c9435212') in 0.0194742 seconds [static and dynamic dependencies]. Details - ImportResultOutputID=fe82041b946a06b02db6b26a858f814c DependenciesID=72f12f30f946a5970451b3cd06fd0409 StaticDependenciesID=0d23aa0cecc98cd7acf49c43c217229a 
Number of updated asset objects reloaded before import = 0Number of asset objects unloaded after import = 1

========================================================================
Received Import Request.
  Time since last request: 0.000033 seconds.
  path: Assets/JustPlay/Сomputer devices/Objects/Phone/Textures/Metallic.png
  importAddress: Guid(e91f0ed8a12094847a40fcf8a1246731) Importer(2089858483,b0f066a214c2f5e87bad3c948f4d605d)
Start importing Assets/JustPlay/Сomputer devices/Objects/Phone/Textures/Metallic.png using Guid(e91f0ed8a12094847a40fcf8a1246731) Importer(2089858483,b0f066a214c2f5e87bad3c948f4d605d) (ScriptedImporter) -> (Import Result ID: '6d68af996aadc51a53bab6fd25b99226') in 0.0204285 seconds [static and dynamic dependencies]. Details - ImportResultOutputID=b0c9d703dd3647d5a768e54e96749d2c DependenciesID=d442abb584d28931cd97166ca2ce6531 StaticDependenciesID=919a0fab52458f8c4cfe9a82a80d3c9a 
Number of updated asset objects reloaded before import = 0Number of asset objects unloaded after import = 1

========================================================================
Received Import Request.
  Time since last request: 0.000146 seconds.
  path: Assets/ScifiOfficeLite/Meshes/Textures/Environment
  importAddress: Guid(939e707ca5f42034dba059de19750acd) Importer(2089858483,b0f066a214c2f5e87bad3c948f4d605d)
Start importing Assets/ScifiOfficeLite/Meshes/Textures/Environment using Guid(939e707ca5f42034dba059de19750acd) Importer(2089858483,b0f066a214c2f5e87bad3c948f4d605d) (ScriptedImporter) -> (Import Result ID: 'f8e408533c05487e8310cdd4cf7f6716') in 0.0071896 seconds [static and dynamic dependencies]. Details - ImportResultOutputID=df47fd229e0752fd78e87a30fd956fe9 DependenciesID=2d8242962335ddd6ecfe348a4d040210 StaticDependenciesID=acf7a7bac1b57ab6679244ea469ff6d0 
Number of updated asset objects reloaded before import = 0Number of asset objects unloaded after import = 1

========================================================================
Received Import Request.
  Time since last request: 0.000121 seconds.
  path: Assets/room
  importAddress: Guid(ae2112fc31ca6df4e851f4672fc8aa99) Importer(2089858483,b0f066a214c2f5e87bad3c948f4d605d)
Start importing Assets/room using Guid(ae2112fc31ca6df4e851f4672fc8aa99) Importer(2089858483,b0f066a214c2f5e87bad3c948f4d605d) (ScriptedImporter) -> (Import Result ID: '1bb949a395c546a6987d6aa7b264f741') in 0.0076087 seconds [static and dynamic dependencies]. Details - ImportResultOutputID=a5387918bac11ecbfdefcfec95e684ce DependenciesID=6fdfb4eb0fb5503d4da2de00bbc03a1f StaticDependenciesID=cb6bcfd66169079249b56dcc9451c8be 
Number of updated asset objects reloaded before import = 0Number of asset objects unloaded after import = 1

========================================================================
Received Import Request.
  Time since last request: 0.000095 seconds.
  path: Assets/Materials/BootScreen.mat
  importAddress: Guid(fd69e3dca81232748ad5273a48b71bd9) Importer(2089858483,b0f066a214c2f5e87bad3c948f4d605d)
Start importing Assets/Materials/BootScreen.mat using Guid(fd69e3dca81232748ad5273a48b71bd9) Importer(2089858483,b0f066a214c2f5e87bad3c948f4d605d) (ScriptedImporter) -> (Import Result ID: 'af8ebab0358e062a5edb07f13ba51bb2') in 0.0131492 seconds [static and dynamic dependencies]. Details - ImportResultOutputID=7043b686a231f9f571c7fba4a30639c6 DependenciesID=f3c1e58a95f46e8740f3d2d227a0d6c6 StaticDependenciesID=16f5ad51697de64148f668d53e9dd014 
Number of updated asset objects reloaded before import = 0Number of asset objects unloaded after import = 1

========================================================================
Received Import Request.
  Time since last request: 0.000034 seconds.
  path: Assets/room/Cosmic_Retro_Bedroom_Demo/DemoScene/Global Volume
  importAddress: Guid(c030f3b497c1be94ba4a0e540b0c936a) Importer(2089858483,b0f066a214c2f5e87bad3c948f4d605d)
Start importing Assets/room/Cosmic_Retro_Bedroom_Demo/DemoScene/Global Volume using Guid(c030f3b497c1be94ba4a0e540b0c936a) Importer(2089858483,b0f066a214c2f5e87bad3c948f4d605d) (ScriptedImporter) -> (Import Result ID: 'e37dd45f88ae9b3264043f2bfc6324ab') in 0.0146326 seconds [static and dynamic dependencies]. Details - ImportResultOutputID=14443e2101c1f1f9be5d6f725340be57 DependenciesID=e0c77323f801a01a15d83a501572e6ee StaticDependenciesID=f9e70aceea6b43c39d30657c7c039b16 
Number of updated asset objects reloaded before import = 0Number of asset objects unloaded after import = 1

========================================================================
Received Import Request.
  Time since last request: 0.000102 seconds.
  path: Assets/ScifiOfficeLite/Prefabs/TVs/Tv 32 Inch.prefab
  importAddress: Guid(fe19f183652f0434dba515f0a67f32fe) Importer(2089858483,b0f066a214c2f5e87bad3c948f4d605d)
Start importing Assets/ScifiOfficeLite/Prefabs/TVs/Tv 32 Inch.prefab using Guid(fe19f183652f0434dba515f0a67f32fe) Importer(2089858483,b0f066a214c2f5e87bad3c948f4d605d) (ScriptedImporter) -> (Import Result ID: 'fa3b051913becc51e3cb5ff7b99744bb') in 0.0126309 seconds [static and dynamic dependencies]. Details - ImportResultOutputID=b9312cfb984d99f22eb6cb38c6858d40 DependenciesID=cabbb6348cdad2f90a1fe8ea7e5c94b9 StaticDependenciesID=f8c7ff282416ba1a34c5df8ceb162ad5 
Number of updated asset objects reloaded before import = 0Number of asset objects unloaded after import = 16

========================================================================
Received Import Request.
  Time since last request: 0.000030 seconds.
  path: Assets/ScifiOfficeLite/Meshes/Textures/Environment/Ground/Carpet/Carpet 2_Maskmap.png
  importAddress: Guid(5eee7e57432a3a1448a1a59984aae992) Importer(2089858483,b0f066a214c2f5e87bad3c948f4d605d)
Start importing Assets/ScifiOfficeLite/Meshes/Textures/Environment/Ground/Carpet/Carpet 2_Maskmap.png using Guid(5eee7e57432a3a1448a1a59984aae992) Importer(2089858483,b0f066a214c2f5e87bad3c948f4d605d) (ScriptedImporter) -> (Import Result ID: 'a4f150917f2ebee8a419958c30b6796e') in 0.0517907 seconds [static and dynamic dependencies]. Details - ImportResultOutputID=9e28db92a94cbdb01abefa0bbd9d4372 DependenciesID=c8d44bc4837ae65742fee872cae9f3c3 StaticDependenciesID=64556497b5e79ebc59e4151b31f1090c 
Number of updated asset objects reloaded before import = 0Number of asset objects unloaded after import = 1

========================================================================
Received Import Request.
  Time since last request: 0.000108 seconds.
  path: Assets/ScifiOfficeLite/Prefabs/Wall/Wall 2 Half Variant.prefab
  importAddress: Guid(0e026c030e3c02240a8bf69002a807b2) Importer(2089858483,b0f066a214c2f5e87bad3c948f4d605d)
Start importing Assets/ScifiOfficeLite/Prefabs/Wall/Wall 2 Half Variant.prefab using Guid(0e026c030e3c02240a8bf69002a807b2) Importer(2089858483,b0f066a214c2f5e87bad3c948f4d605d) (ScriptedImporter) -> (Import Result ID: 'd1b329a73668fa3212b76d890f5bcea4') in 0.0232973 seconds [static and dynamic dependencies]. Details - ImportResultOutputID=ce7736f18fb8c26856ba974cee3d735a DependenciesID=38602650cce91fea0a0dc9f947a54286 StaticDependenciesID=c010137a913043f1cb4bc668fe7cc964 
Number of updated asset objects reloaded before import = 0Number of asset objects unloaded after import = 22

========================================================================
Received Import Request.
  Time since last request: 0.000039 seconds.
  path: Assets/ScifiOfficeLite/Meshes/Textures/Environment/Chair set/Chair Set _Maskmap.png
  importAddress: Guid(f611f51936f9435478edbfe05dca2ae6) Importer(2089858483,b0f066a214c2f5e87bad3c948f4d605d)
Start importing Assets/ScifiOfficeLite/Meshes/Textures/Environment/Chair set/Chair Set _Maskmap.png using Guid(f611f51936f9435478edbfe05dca2ae6) Importer(2089858483,b0f066a214c2f5e87bad3c948f4d605d) (ScriptedImporter) -> (Import Result ID: 'e9da792af9d949fa035867064dfd4fd3') in 0.0230251 seconds [static and dynamic dependencies]. Details - ImportResultOutputID=87cba107f6e8f10b78ab30b55b555906 DependenciesID=5ae0995082696322a254ef454351c399 StaticDependenciesID=e6e250a5a80f2de827cda4dd76d38752 
Number of updated asset objects reloaded before import = 0Number of asset objects unloaded after import = 1

========================================================================
Received Import Request.
  Time since last request: 0.000093 seconds.
  path: Assets/room/Cosmic_Retro_Bedroom_Demo/Prefabs/Retro_Bedroom_Bed.prefab
  importAddress: Guid(6da273cbb9aa77646a503c340bd510d9) Importer(2089858483,b0f066a214c2f5e87bad3c948f4d605d)
Start importing Assets/room/Cosmic_Retro_Bedroom_Demo/Prefabs/Retro_Bedroom_Bed.prefab using Guid(6da273cbb9aa77646a503c340bd510d9) Importer(2089858483,b0f066a214c2f5e87bad3c948f4d605d) (ScriptedImporter) -> (Import Result ID: 'd2efac845f91bbadf5d2e28b9fe4053c') in 0.0252446 seconds [static and dynamic dependencies]. Details - ImportResultOutputID=c8c3325aacf92ff234c3062b3a04ddfe DependenciesID=455e147e45a01c9726d9a3d2af4d2422 StaticDependenciesID=eaeda07885984076ee9e825df4f0aae4 
Number of updated asset objects reloaded before import = 0Number of asset objects unloaded after import = 32

========================================================================
Received Import Request.
  Time since last request: 0.000039 seconds.
  path: Assets/Materials/MonitorBody.mat
  importAddress: Guid(19d60e8b44193624eb6a141d230c1fbf) Importer(2089858483,b0f066a214c2f5e87bad3c948f4d605d)
Start importing Assets/Materials/MonitorBody.mat using Guid(19d60e8b44193624eb6a141d230c1fbf) Importer(2089858483,b0f066a214c2f5e87bad3c948f4d605d) (ScriptedImporter) -> (Import Result ID: '976f1d1c5aac4d5cd9687d32281f0386') in 0.012455 seconds [static and dynamic dependencies]. Details - ImportResultOutputID=4f2e19a57b7d9dcaff0979bebf81a6ac DependenciesID=3bd4c9e57ca2d97667ec0c314b4342bf StaticDependenciesID=4807d6400c7d508b9345c210e3fecf7a 
Number of updated asset objects reloaded before import = 0Number of asset objects unloaded after import = 1

========================================================================
Received Import Request.
  Time since last request: 0.000032 seconds.
  path: Assets/ScifiOfficeLite/Prefabs/Carpets and Floors/Carpet 12.prefab
  importAddress: Guid(da0accff20027304e9912226d132eaf5) Importer(2089858483,b0f066a214c2f5e87bad3c948f4d605d)
Start importing Assets/ScifiOfficeLite/Prefabs/Carpets and Floors/Carpet 12.prefab using Guid(da0accff20027304e9912226d132eaf5) Importer(2089858483,b0f066a214c2f5e87bad3c948f4d605d) (ScriptedImporter) -> (Import Result ID: '7191a8910c054e66bfb3b54733cfcd08') in 0.0192085 seconds [static and dynamic dependencies]. Details - ImportResultOutputID=58d1c453ae5c1bfb6d1db728fc94ff80 DependenciesID=731e7715dfb43f851a139c5007d425a0 StaticDependenciesID=75554a9c086260570455b7c6dae45454 
Number of updated asset objects reloaded before import = 0Number of asset objects unloaded after import = 9

========================================================================
Received Import Request.
  Time since last request: 0.000033 seconds.
  path: Assets/room/Cosmic_Retro_Bedroom_Demo/Materials/Cosmic_Retro_Bedroom_Props.mat
  importAddress: Guid(ea232bcaeeff09b4aae04d61f69823d5) Importer(2089858483,b0f066a214c2f5e87bad3c948f4d605d)
Start importing Assets/room/Cosmic_Retro_Bedroom_Demo/Materials/Cosmic_Retro_Bedroom_Props.mat using Guid(ea232bcaeeff09b4aae04d61f69823d5) Importer(2089858483,b0f066a214c2f5e87bad3c948f4d605d) (ScriptedImporter) -> (Import Result ID: 'a9a3858e4eb1658231bb6aa33b65c4e6') in 0.0177821 seconds [static and dynamic dependencies]. Details - ImportResultOutputID=004303b2a7124eb2e50fae34fd643bfa DependenciesID=e6949f4a56d22cb544c1ba9e4d51f33c StaticDependenciesID=1035222ad5006a31d691c5852345885c 
Number of updated asset objects reloaded before import = 0Number of asset objects unloaded after import = 1

========================================================================
Received Import Request.
  Time since last request: 0.000093 seconds.
  path: Assets/ScifiOfficeLite/Meshes/Materials/Ground Mats/Concrete
  importAddress: Guid(75c98c2e268d7094196d68eff4d58245) Importer(2089858483,b0f066a214c2f5e87bad3c948f4d605d)
Start importing Assets/ScifiOfficeLite/Meshes/Materials/Ground Mats/Concrete using Guid(75c98c2e268d7094196d68eff4d58245) Importer(2089858483,b0f066a214c2f5e87bad3c948f4d605d) (ScriptedImporter) -> (Import Result ID: 'b0dbf589e69e69019337c7421b7eab85') in 0.0089512 seconds [static and dynamic dependencies]. Details - ImportResultOutputID=4a2f6399f31b06d0d693c04e33d1060e DependenciesID=a58f66c1c925452dd5002921283f63ca StaticDependenciesID=f162741a4fb62a90696d813ee1bbed9d 
Number of updated asset objects reloaded before import = 0Number of asset objects unloaded after import = 1

========================================================================
Received Import Request.
  Time since last request: 0.000028 seconds.
  path: Assets/ScifiOfficeLite/Meshes/Textures/Environment/Ground
  importAddress: Guid(29cc3f6412ad79f4c85cb4da48a86fd6) Importer(2089858483,b0f066a214c2f5e87bad3c948f4d605d)
Start importing Assets/ScifiOfficeLite/Meshes/Textures/Environment/Ground using Guid(29cc3f6412ad79f4c85cb4da48a86fd6) Importer(2089858483,b0f066a214c2f5e87bad3c948f4d605d) (ScriptedImporter) -> (Import Result ID: '47e966dfe06e559ccccba59f4954e748') in 0.0082725 seconds [static and dynamic dependencies]. Details - ImportResultOutputID=3c6261896c5468eeab7ec7cc4647964e DependenciesID=79230d08289ea076ea0bbd9c551e866f StaticDependenciesID=96b8f792f42ed2b47b2d232948a73ca1 
Number of updated asset objects reloaded before import = 0Number of asset objects unloaded after import = 1

========================================================================
Received Import Request.
  Time since last request: 0.000036 seconds.
  path: Assets/ScifiOfficeLite/Meshes/Materials/Table Texture Set/Table Texture Set 1.mat
  importAddress: Guid(0c0054d31d795964680d627bcf2e3097) Importer(2089858483,b0f066a214c2f5e87bad3c948f4d605d)
Start importing Assets/ScifiOfficeLite/Meshes/Materials/Table Texture Set/Table Texture Set 1.mat using Guid(0c0054d31d795964680d627bcf2e3097) Importer(2089858483,b0f066a214c2f5e87bad3c948f4d605d) (ScriptedImporter) -> (Import Result ID: 'c30c3f844702a4daea0f6e9f0e510a06') in 0.0417752 seconds [static and dynamic dependencies]. Details - ImportResultOutputID=9de9d013d711377621bb8ccc7424cfc6 DependenciesID=206af60ebf2b4961eae5180409db642c StaticDependenciesID=45c427adbcef659ef6fcbfeaf2e6ef7b 
Number of updated asset objects reloaded before import = 0Number of asset objects unloaded after import = 5

========================================================================
Received Import Request.
  Time since last request: 0.000042 seconds.
  path: Assets/room/Cosmic_Retro_Bedroom_Demo/Models/Retro_Bedroom_Wall_Corner_01U.fbx
  importAddress: Guid(292b660b232ac514096f3ef56c684f70) Importer(2089858483,b0f066a214c2f5e87bad3c948f4d605d)
Start importing Assets/room/Cosmic_Retro_Bedroom_Demo/Models/Retro_Bedroom_Wall_Corner_01U.fbx using Guid(292b660b232ac514096f3ef56c684f70) Importer(2089858483,b0f066a214c2f5e87bad3c948f4d605d) (ScriptedImporter) -> (Import Result ID: '98b2e935a197431e724b2211d5f84e7b') in 0.0280092 seconds [static and dynamic dependencies]. Details - ImportResultOutputID=dc83db5918bd3f4b9db68cd2e5e5e6b0 DependenciesID=9c6f1503be35e63ee6405fb687a0286e StaticDependenciesID=341c73454a9d357ef1c7e6c9d025a827 
Number of updated asset objects reloaded before import = 0Number of asset objects unloaded after import = 8

========================================================================
Received Import Request.
  Time since last request: 0.000039 seconds.
  path: Assets/room/Cosmic_Retro_Bedroom_Demo/Prefabs/Retro_Bedroom_Carpet_02.prefab
  importAddress: Guid(28d458ad188191b47ad2c5878b65e2f9) Importer(2089858483,b0f066a214c2f5e87bad3c948f4d605d)
Start importing Assets/room/Cosmic_Retro_Bedroom_Demo/Prefabs/Retro_Bedroom_Carpet_02.prefab using Guid(28d458ad188191b47ad2c5878b65e2f9) Importer(2089858483,b0f066a214c2f5e87bad3c948f4d605d) (ScriptedImporter) -> (Import Result ID: '25544f15b3f38d6f84d842441ee9f2f8') in 0.0311464 seconds [static and dynamic dependencies]. Details - ImportResultOutputID=d286d901caf25810b693bad69dad80df DependenciesID=b6c7c62fb10b21eee8081681f02cef9f StaticDependenciesID=57b954d1e64e3468370a62cc0ce87713 
Number of updated asset objects reloaded before import = 0Number of asset objects unloaded after import = 15

========================================================================
Received Import Request.
  Time since last request: 0.000054 seconds.
  path: Assets/room/Cosmic_Retro_Bedroom_Demo/Prefabs/Retro_Bedroom_floor_tile_01.prefab
  importAddress: Guid(3bb0e4c9dbebf57439eb2e4e8d96321f) Importer(2089858483,b0f066a214c2f5e87bad3c948f4d605d)
Start importing Assets/room/Cosmic_Retro_Bedroom_Demo/Prefabs/Retro_Bedroom_floor_tile_01.prefab using Guid(3bb0e4c9dbebf57439eb2e4e8d96321f) Importer(2089858483,b0f066a214c2f5e87bad3c948f4d605d) (ScriptedImporter) -> (Import Result ID: 'c47f8f04a0e4d4c358faa340920eb383') in 0.0205759 seconds [static and dynamic dependencies]. Details - ImportResultOutputID=6e881faf4a1b371c85920b931c4134f6 DependenciesID=0a295b9186b2fac3c20a9f846a3f2187 StaticDependenciesID=8e55e5e345e136cc54664b14fc1c8cc3 
Number of updated asset objects reloaded before import = 0Number of asset objects unloaded after import = 15

========================================================================
Received Import Request.
  Time since last request: 0.000031 seconds.
  path: Assets/ScifiOfficeLite/Meshes/Textures/Environment/Table texture set/Table Set Glass/Table Glass_Maskmap.png
  importAddress: Guid(52a1a9adada4ee2478177240b01d4d12) Importer(2089858483,b0f066a214c2f5e87bad3c948f4d605d)
Start importing Assets/ScifiOfficeLite/Meshes/Textures/Environment/Table texture set/Table Set Glass/Table Glass_Maskmap.png using Guid(52a1a9adada4ee2478177240b01d4d12) Importer(2089858483,b0f066a214c2f5e87bad3c948f4d605d) (ScriptedImporter) -> (Import Result ID: '866de1466a8313db5f2779b40f711c66') in 0.0241239 seconds [static and dynamic dependencies]. Details - ImportResultOutputID=a9ddd077abfab065215dba986cd96024 DependenciesID=9c76de01d2771ba466858ea237555480 StaticDependenciesID=3b02846b9f3bf30b6509f7278bf4ba88 
Number of updated asset objects reloaded before import = 0Number of asset objects unloaded after import = 1

========================================================================
Received Import Request.
  Time since last request: 0.000089 seconds.
  path: Assets/ScifiOfficeLite/Prefabs/Wall/Wall Window Set 10.prefab
  importAddress: Guid(4ab19bfbeb9048a45a44b9ce3847f750) Importer(2089858483,b0f066a214c2f5e87bad3c948f4d605d)
Start importing Assets/ScifiOfficeLite/Prefabs/Wall/Wall Window Set 10.prefab using Guid(4ab19bfbeb9048a45a44b9ce3847f750) Importer(2089858483,b0f066a214c2f5e87bad3c948f4d605d) (ScriptedImporter) -> (Import Result ID: '71556e5960c4bdab502b63596589f3dc') in 0.0158421 seconds [static and dynamic dependencies]. Details - ImportResultOutputID=4c41a175d844c530de1f695c0c139c81 DependenciesID=86f6dfaf4d109c77881873694eee1e78 StaticDependenciesID=518c69a7ece2cc9011470c99ebb8ca20 
Number of updated asset objects reloaded before import = 0Number of asset objects unloaded after import = 30

========================================================================
Received Import Request.
  Time since last request: 0.000061 seconds.
  path: Assets/ScifiOfficeLite/Meshes/Textures/Environment/Table texture set/Table Set Glass/Table Glass_Height.png
  importAddress: Guid(d5777b1e62429574fa6f523ce668e052) Importer(2089858483,b0f066a214c2f5e87bad3c948f4d605d)
Start importing Assets/ScifiOfficeLite/Meshes/Textures/Environment/Table texture set/Table Set Glass/Table Glass_Height.png using Guid(d5777b1e62429574fa6f523ce668e052) Importer(2089858483,b0f066a214c2f5e87bad3c948f4d605d) (ScriptedImporter) -> (Import Result ID: 'fadbae59eff7136ba6f0f3253329a6f3') in 0.0228848 seconds [static and dynamic dependencies]. Details - ImportResultOutputID=230af7db650b33b8c198c564f88f3111 DependenciesID=c28f305ad29b40706cd1b4e7714990b3 StaticDependenciesID=a0f42464e366b47f9eb8b9ba0adf5eaf 
Number of updated asset objects reloaded before import = 0Number of asset objects unloaded after import = 1

========================================================================
Received Import Request.
  Time since last request: 0.000069 seconds.
  path: Assets/ScifiOfficeLite/Scene/Demo.unity
  importAddress: Guid(98f89f3b6ce2800479ea621b4ad1bad1) Importer(2089858483,b0f066a214c2f5e87bad3c948f4d605d)
Start importing Assets/ScifiOfficeLite/Scene/Demo.unity using Guid(98f89f3b6ce2800479ea621b4ad1bad1) Importer(2089858483,b0f066a214c2f5e87bad3c948f4d605d) (ScriptedImporter) -> (Import Result ID: '5a0a301836855f13e6ea4a8367d8e126') in 0.0276581 seconds [static and dynamic dependencies]. Details - ImportResultOutputID=4e0cb46cd9626f148926dbc512fbf270 DependenciesID=ffad7eff883cc26b848b9c214b8d114c StaticDependenciesID=4ebf03d27a58dcc96cee3b308bd848fe 
Number of updated asset objects reloaded before import = 0Number of asset objects unloaded after import = 1

========================================================================
Received Import Request.
  Time since last request: 0.000038 seconds.
  path: Assets/ScifiOfficeLite/Meshes/Textures/Environment/Table texture set/Table Texture Set 4/Table texture set 4_Diffuse.png
  importAddress: Guid(1b62b342c7f04f44ba154fde6139e2d0) Importer(2089858483,b0f066a214c2f5e87bad3c948f4d605d)
Start importing Assets/ScifiOfficeLite/Meshes/Textures/Environment/Table texture set/Table Texture Set 4/Table texture set 4_Diffuse.png using Guid(1b62b342c7f04f44ba154fde6139e2d0) Importer(2089858483,b0f066a214c2f5e87bad3c948f4d605d) (ScriptedImporter) -> (Import Result ID: '99f54bc54368125093fce7f6a4da6d45') in 0.0214014 seconds [static and dynamic dependencies]. Details - ImportResultOutputID=6f3d9cee1ac7471f3990e5abf991dd4e DependenciesID=f492bd4c5fd4044d4b5a6841c41883c4 StaticDependenciesID=2a1b9c7d0c127825e259a0049dc7c3ee 
Number of updated asset objects reloaded before import = 0Number of asset objects unloaded after import = 1

========================================================================
Received Import Request.
  Time since last request: 0.000036 seconds.
  path: Assets/Materials/AeroCeilingSoft.mat
  importAddress: Guid(a464b9d762bf9424494459c1cbf74207) Importer(2089858483,b0f066a214c2f5e87bad3c948f4d605d)
Start importing Assets/Materials/AeroCeilingSoft.mat using Guid(a464b9d762bf9424494459c1cbf74207) Importer(2089858483,b0f066a214c2f5e87bad3c948f4d605d) (ScriptedImporter) -> (Import Result ID: 'f07a26703a1723cd5882598f488dd73b') in 0.0144965 seconds [static and dynamic dependencies]. Details - ImportResultOutputID=0019983e9eb072611b5946f960c74dbd DependenciesID=4dc5281f3a5138a1add860f6e9070219 StaticDependenciesID=82cf6ca31b66ae51506a79aa078f1257 
Number of updated asset objects reloaded before import = 0Number of asset objects unloaded after import = 1

========================================================================
Received Import Request.
  Time since last request: 0.000112 seconds.
  path: Assets/Materials/AeroRug.mat
  importAddress: Guid(00eb38f8fd6c80e4a9f8101f2a78183a) Importer(2089858483,b0f066a214c2f5e87bad3c948f4d605d)
Start importing Assets/Materials/AeroRug.mat using Guid(00eb38f8fd6c80e4a9f8101f2a78183a) Importer(2089858483,b0f066a214c2f5e87bad3c948f4d605d) (ScriptedImporter) -> (Import Result ID: 'ec99f5cc1282666455423d5d53db94b9') in 0.01185 seconds [static and dynamic dependencies]. Details - ImportResultOutputID=a6affa46a3406d88f6be6bc016ec594a DependenciesID=9995bd481781e710217f0befda9cf050 StaticDependenciesID=a1e481574454a0f9e82b7ef00ec510bf 
Number of updated asset objects reloaded before import = 0Number of asset objects unloaded after import = 1

========================================================================
Received Import Request.
  Time since last request: 0.000119 seconds.
  path: Assets/Materials/AeroScreen.mat
  importAddress: Guid(1effb5a5e37d5de4c8a2024c08efec64) Importer(2089858483,b0f066a214c2f5e87bad3c948f4d605d)
Start importing Assets/Materials/AeroScreen.mat using Guid(1effb5a5e37d5de4c8a2024c08efec64) Importer(2089858483,b0f066a214c2f5e87bad3c948f4d605d) (ScriptedImporter) -> (Import Result ID: 'b018ffd2ded2ea3079747ff4e40477c8') in 0.0115056 seconds [static and dynamic dependencies]. Details - ImportResultOutputID=31ea19b6c5f105d2ca044807251e6e9c DependenciesID=d0c595bf7e924b8f6ba92961721a9fc9 StaticDependenciesID=640d475474b060c5588695607f7cc4dd 
Number of updated asset objects reloaded before import = 0Number of asset objects unloaded after import = 1

========================================================================
Received Import Request.
  Time since last request: 0.000085 seconds.
  path: Assets/Materials/BootScene_CorrectMonitorScreen.mat
  importAddress: Guid(d2ae0c3c04d0485469949441af6daa95) Importer(2089858483,b0f066a214c2f5e87bad3c948f4d605d)
Start importing Assets/Materials/BootScene_CorrectMonitorScreen.mat using Guid(d2ae0c3c04d0485469949441af6daa95) Importer(2089858483,b0f066a214c2f5e87bad3c948f4d605d) (ScriptedImporter) -> (Import Result ID: '67f49087dcf1b7fcfd5eed2aeb746bc7') in 0.0131231 seconds [static and dynamic dependencies]. Details - ImportResultOutputID=9341854a5d69129934a56ebf1c936a55 DependenciesID=313842d8e4af5b5485a0e573a5fe595f StaticDependenciesID=54236911daf434e6db73db1207a7095f 
Number of updated asset objects reloaded before import = 0Number of asset objects unloaded after import = 1

========================================================================
Received Import Request.
  Time since last request: 0.000098 seconds.
  path: Assets/Materials/BootScene_GlitchWhite.mat
  importAddress: Guid(9828bfb1b6b439c48b395489f840777e) Importer(2089858483,b0f066a214c2f5e87bad3c948f4d605d)
Start importing Assets/Materials/BootScene_GlitchWhite.mat using Guid(9828bfb1b6b439c48b395489f840777e) Importer(2089858483,b0f066a214c2f5e87bad3c948f4d605d) (ScriptedImporter) -> (Import Result ID: 'f1be7814313279056a969875f012c921') in 0.0107633 seconds [static and dynamic dependencies]. Details - ImportResultOutputID=1310341afc41d6bc9a0894e0bafcd7e7 DependenciesID=09852b174673f83dec08a54fd69c1e84 StaticDependenciesID=6350d44eb93f3db71eb5c4a439999b77 
Number of updated asset objects reloaded before import = 0Number of asset objects unloaded after import = 1

========================================================================
Received Import Request.
  Time since last request: 0.000116 seconds.
  path: Assets/Prefabs
  importAddress: Guid(b55c1441ede008f4992167db0d13c938) Importer(2089858483,b0f066a214c2f5e87bad3c948f4d605d)
Start importing Assets/Prefabs using Guid(b55c1441ede008f4992167db0d13c938) Importer(2089858483,b0f066a214c2f5e87bad3c948f4d605d) (ScriptedImporter) -> (Import Result ID: 'a20d8ce663bed200d2add0c1a7d3817a') in 0.0084973 seconds [static and dynamic dependencies]. Details - ImportResultOutputID=ef22f020a3b386901cf7df242fa4493e DependenciesID=96162a3e32aa21483e3683414a1bd95c StaticDependenciesID=fe419770a669d0cd165a6093aa7c8966 
Number of updated asset objects reloaded before import = 0Number of asset objects unloaded after import = 1

========================================================================
Received Import Request.
  Time since last request: 0.000085 seconds.
  path: Assets/Textures
  importAddress: Guid(f5f7ccda38500c7498356e47564e4b5a) Importer(2089858483,b0f066a214c2f5e87bad3c948f4d605d)
Start importing Assets/Textures using Guid(f5f7ccda38500c7498356e47564e4b5a) Importer(2089858483,b0f066a214c2f5e87bad3c948f4d605d) (ScriptedImporter) -> (Import Result ID: '62f3f41c4b80778b03aa83f9c5b92e8d') in 0.0085843 seconds [static and dynamic dependencies]. Details - ImportResultOutputID=e348db11fee8cf78e9ab577cc6004354 DependenciesID=c1930b0561d88d9f15412ad3ddd5a15a StaticDependenciesID=3779d280526a88e42a44f11c7ae765fa 
Number of updated asset objects reloaded before import = 0Number of asset objects unloaded after import = 1

========================================================================
Received Import Request.
  Time since last request: 0.000029 seconds.
  path: Assets/Materials/AeroDesktop_WhiteText.mat
  importAddress: Guid(ef86150d85941b440a61911df031cf67) Importer(2089858483,b0f066a214c2f5e87bad3c948f4d605d)
Start importing Assets/Materials/AeroDesktop_WhiteText.mat using Guid(ef86150d85941b440a61911df031cf67) Importer(2089858483,b0f066a214c2f5e87bad3c948f4d605d) (ScriptedImporter) -> (Import Result ID: 'ac96c847f05924ac75650a948c78b84b') in 0.012338 seconds [static and dynamic dependencies]. Details - ImportResultOutputID=b0d701e13d9c6796b70cf6977a94eaab DependenciesID=3a87dc48196289cccc66914ed90fecd7 StaticDependenciesID=94567a5d8e7d43f9bfdc9ccbeced890a 
Number of updated asset objects reloaded before import = 0Number of asset objects unloaded after import = 1

========================================================================
Received Import Request.
  Time since last request: 0.000144 seconds.
  path: Assets/Textures/BootScene/rug_threaded_blue.png
  importAddress: Guid(8215123be1a5a2749aeb91913d56f344) Importer(2089858483,b0f066a214c2f5e87bad3c948f4d605d)
Start importing Assets/Textures/BootScene/rug_threaded_blue.png using Guid(8215123be1a5a2749aeb91913d56f344) Importer(2089858483,b0f066a214c2f5e87bad3c948f4d605d) (ScriptedImporter) -> (Import Result ID: '4509760e185957a1e647f901be230ca4') in 0.0455509 seconds [static and dynamic dependencies]. Details - ImportResultOutputID=29000332f248db91506fbdbf0c5c9f82 DependenciesID=b3c55539b16964d978aab5eda8fbe27f StaticDependenciesID=618930972b325aa6d2933d7db15d4214 
Number of updated asset objects reloaded before import = 0Number of asset objects unloaded after import = 3

========================================================================
Received Import Request.
  Time since last request: 0.000033 seconds.
  path: Assets/Scripts/BootIntroCinematic.cs
  importAddress: Guid(75aa04d717f2ee24b884e75450f8c261) Importer(2089858483,b0f066a214c2f5e87bad3c948f4d605d)
Start importing Assets/Scripts/BootIntroCinematic.cs using Guid(75aa04d717f2ee24b884e75450f8c261) Importer(2089858483,b0f066a214c2f5e87bad3c948f4d605d) (ScriptedImporter) -> (Import Result ID: '473b9401be1346d3c327ccae9021cdc1') in 0.0080291 seconds [static and dynamic dependencies]. Details - ImportResultOutputID=727383552a17cc2ca1b8668f47242e30 DependenciesID=8d22b5998da2377c64e26f59b70ba77a StaticDependenciesID=2caca736e1f15fb692b8a8c90761523c 
Number of updated asset objects reloaded before import = 0Number of asset objects unloaded after import = 0

========================================================================
Received Import Request.
  Time since last request: 0.000125 seconds.
  path: Assets/Materials/AeroCabinet.mat
  importAddress: Guid(ebc0f34f2b6a3dc4c980093860ee068c) Importer(2089858483,b0f066a214c2f5e87bad3c948f4d605d)
Start importing Assets/Materials/AeroCabinet.mat using Guid(ebc0f34f2b6a3dc4c980093860ee068c) Importer(2089858483,b0f066a214c2f5e87bad3c948f4d605d) (ScriptedImporter) -> (Import Result ID: '0473250fb04530f6141e3d242be67de4') in 0.0146656 seconds [static and dynamic dependencies]. Details - ImportResultOutputID=b7560356a4f499167840f78b4be10b5d DependenciesID=f4c21d853c1ee3213169ff08f992f339 StaticDependenciesID=d647c7f5bbfd981f5585d63e8a60e981 
Number of updated asset objects reloaded before import = 0Number of asset objects unloaded after import = 1

========================================================================
Received Import Request.
  Time since last request: 0.000122 seconds.
  path: Assets/Materials/AeroFloorSoft.mat
  importAddress: Guid(1a050a90a86f7e14ba38890f400fba77) Importer(2089858483,b0f066a214c2f5e87bad3c948f4d605d)
Start importing Assets/Materials/AeroFloorSoft.mat using Guid(1a050a90a86f7e14ba38890f400fba77) Importer(2089858483,b0f066a214c2f5e87bad3c948f4d605d) (ScriptedImporter) -> (Import Result ID: '07c6868d1d9fb2b5875cc42eb4bebac2') in 0.0131856 seconds [static and dynamic dependencies]. Details - ImportResultOutputID=28ec873a777c2ec902b4efb58ed087ba DependenciesID=8c8d5166db82fb315d83dd264a103394 StaticDependenciesID=bd0b55c3d7acb4679d7c304cbe3ac31f 
Number of updated asset objects reloaded before import = 0Number of asset objects unloaded after import = 1

========================================================================
Received Import Request.
  Time since last request: 0.000072 seconds.
  path: Assets/Materials/AeroDesktop_DarkGlass.mat
  importAddress: Guid(02b5946d717b45a4e8e0bd93bc69a43b) Importer(2089858483,b0f066a214c2f5e87bad3c948f4d605d)
Start importing Assets/Materials/AeroDesktop_DarkGlass.mat using Guid(02b5946d717b45a4e8e0bd93bc69a43b) Importer(2089858483,b0f066a214c2f5e87bad3c948f4d605d) (ScriptedImporter) -> (Import Result ID: '994dda9b7891531417d4e5add1cb5524') in 0.0113957 seconds [static and dynamic dependencies]. Details - ImportResultOutputID=eae8291b9adac62ddc91a9a349171a56 DependenciesID=e54d061cb2cbf5c70ac3bc9014175e3f StaticDependenciesID=25a570aab52fc4d1f4762410255dfb3d 
Number of updated asset objects reloaded before import = 0Number of asset objects unloaded after import = 1

========================================================================
Received Import Request.
  Time since last request: 0.000136 seconds.
  path: Assets/Materials/BootScreenGlow.mat
  importAddress: Guid(6a56bdfc292f8c34587841359e975649) Importer(2089858483,b0f066a214c2f5e87bad3c948f4d605d)
Start importing Assets/Materials/BootScreenGlow.mat using Guid(6a56bdfc292f8c34587841359e975649) Importer(2089858483,b0f066a214c2f5e87bad3c948f4d605d) (ScriptedImporter) -> (Import Result ID: '8fb218326b504e7916b7fc0cc88e8ce7') in 0.0115838 seconds [static and dynamic dependencies]. Details - ImportResultOutputID=8c5bb4c6faa2e61f8f1f66796803b903 DependenciesID=3dd0e64933104bb7f5cb072224910575 StaticDependenciesID=16fe5a287f016a3a444fe3c0e50b7804 
Number of updated asset objects reloaded before import = 0Number of asset objects unloaded after import = 1

========================================================================
Received Import Request.
  Time since last request: 0.000208 seconds.
  path: Assets/Materials/AeroAccentPanel.mat
  importAddress: Guid(93708a7b24417114aa2264cd6ad1f4f8) Importer(2089858483,b0f066a214c2f5e87bad3c948f4d605d)
Start importing Assets/Materials/AeroAccentPanel.mat using Guid(93708a7b24417114aa2264cd6ad1f4f8) Importer(2089858483,b0f066a214c2f5e87bad3c948f4d605d) (ScriptedImporter) -> (Import Result ID: '8d94830eb9863c13c5bf845bc9cb9582') in 0.0127022 seconds [static and dynamic dependencies]. Details - ImportResultOutputID=2431b9a630a372811b446c295064f769 DependenciesID=999f2216d1c9a718e27b0fe837f6bf67 StaticDependenciesID=eebe44d8d87f9dca104e98abbe84a315 
Number of updated asset objects reloaded before import = 0Number of asset objects unloaded after import = 1

========================================================================
Received Import Request.
  Time since last request: 0.000099 seconds.
  path: Assets/Materials/BootScene_GlitchCyan.mat
  importAddress: Guid(dc3990e17686ef84f9618a6455a9e06b) Importer(2089858483,b0f066a214c2f5e87bad3c948f4d605d)
Start importing Assets/Materials/BootScene_GlitchCyan.mat using Guid(dc3990e17686ef84f9618a6455a9e06b) Importer(2089858483,b0f066a214c2f5e87bad3c948f4d605d) (ScriptedImporter) -> (Import Result ID: '193225ce57bebd926b86dbdbdde67458') in 0.0110708 seconds [static and dynamic dependencies]. Details - ImportResultOutputID=a00afc951e8c3b91da5d588f31c8ee65 DependenciesID=b3613e7c44530d53c5ef1d139144514c StaticDependenciesID=2ae58973dfe77e15adcbe442e342e860 
Number of updated asset objects reloaded before import = 0Number of asset objects unloaded after import = 1

========================================================================
Received Import Request.
  Time since last request: 0.000407 seconds.
  path: Assets/Textures/Screamer_Flash.png
  importAddress: Guid(16e905e6c846b004ba9e82093fe0f900) Importer(2089858483,b0f066a214c2f5e87bad3c948f4d605d)
Start importing Assets/Textures/Screamer_Flash.png using Guid(16e905e6c846b004ba9e82093fe0f900) Importer(2089858483,b0f066a214c2f5e87bad3c948f4d605d) (ScriptedImporter) -> (Import Result ID: 'c85f3f5be9812c25955afa4895f77055') in 0.0217131 seconds [static and dynamic dependencies]. Details - ImportResultOutputID=20decb6afc107ea90c596899e3f6d078 DependenciesID=a270d2bfe70daca8d68d9a35bc7b6665 StaticDependenciesID=6c9dc7501dc157b3f5c100401a35e769 
Number of updated asset objects reloaded before import = 0Number of asset objects unloaded after import = 3

========================================================================
Received Import Request.
  Time since last request: 0.000037 seconds.
  path: Assets/Materials/AeroTrim.mat
  importAddress: Guid(25303971c8777a04aba1beae0f1aed2b) Importer(2089858483,b0f066a214c2f5e87bad3c948f4d605d)
Start importing Assets/Materials/AeroTrim.mat using Guid(25303971c8777a04aba1beae0f1aed2b) Importer(2089858483,b0f066a214c2f5e87bad3c948f4d605d) (ScriptedImporter) -> (Import Result ID: '9872a79280b3a49e2a5ee87224eb16a3') in 0.0117745 seconds [static and dynamic dependencies]. Details - ImportResultOutputID=f4036ecf04d93b8467b4532878f1a051 DependenciesID=2cdba04bc74740840da381f913ffb0a8 StaticDependenciesID=9b763ae90c5f97fe345a3182f45ef2d8 
Number of updated asset objects reloaded before import = 0Number of asset objects unloaded after import = 1

========================================================================
Received Import Request.
  Time since last request: 0.000068 seconds.
  path: Assets/JustPlay/Сomputer devices/Objects/Keyboard/Textures/Roughtness.png
  importAddress: Guid(d608aacb852e8354fbb11482d20f9a73) Importer(2089858483,b0f066a214c2f5e87bad3c948f4d605d)
Start importing Assets/JustPlay/Сomputer devices/Objects/Keyboard/Textures/Roughtness.png using Guid(d608aacb852e8354fbb11482d20f9a73) Importer(2089858483,b0f066a214c2f5e87bad3c948f4d605d) (ScriptedImporter) -> (Import Result ID: '8ed0836bda4d1a72b9aa294d9b387b4d') in 0.0194382 seconds [static and dynamic dependencies]. Details - ImportResultOutputID=27e60a466da1db785ee5c0c7e1965e76 DependenciesID=72c9e4560e459cba78377a31ca040e94 StaticDependenciesID=b90468ee54020bd40ff33d93e0865b78 
Number of updated asset objects reloaded before import = 0Number of asset objects unloaded after import = 1

========================================================================
Received Import Request.
  Time since last request: 18.672117 seconds.
  path: Assets/Scenes/BootScene.unity
  importAddress: Guid(9fd3f8971c379584b8de22a0f9389812) Importer(2089858483,b0f066a214c2f5e87bad3c948f4d605d)
Start importing Assets/Scenes/BootScene.unity using Guid(9fd3f8971c379584b8de22a0f9389812) Importer(2089858483,b0f066a214c2f5e87bad3c948f4d605d) (ScriptedImporter) -> (Import Result ID: '27e1726b0d0304e75eb13b30afbef57b') in 0.0169625 seconds [static and dynamic dependencies]. Details - ImportResultOutputID=76a00a4aa1a76b341377cedba681bb6b DependenciesID=b12451c7c46478b79ff98352241ed35e StaticDependenciesID=abb09e9a32ec5c02ec4dda291931b499 
Number of updated asset objects reloaded before import = 0Number of asset objects unloaded after import = 1

========================================================================
Received Prepare
Begin MonoManager ReloadAssembly
Assembly Assembly-CSharp-Editor-firstpass.dll at Library/ScriptAssemblies/Assembly-CSharp-Editor-firstpass.dll not valid. Loading of assembly skipped.
Assembly Assembly-CSharp-Editor.dll at Library/ScriptAssemblies/Assembly-CSharp-Editor.dll not valid. Loading of assembly skipped.
Assembly Assembly-CSharp-firstpass.dll at Library/ScriptAssemblies/Assembly-CSharp-firstpass.dll not valid. Loading of assembly skipped.
Assembly DocCodeExamples.dll at Library/ScriptAssemblies/DocCodeExamples.dll not valid. Loading of assembly skipped.
Assembly TestNewCustomAssembly.dll at Library/ScriptAssemblies/TestNewCustomAssembly.dll not valid. Loading of assembly skipped.
Assembly Unity.2D.Animation.EditorTests.dll at Library/ScriptAssemblies/Unity.2D.Animation.EditorTests.dll not valid. Loading of assembly skipped.
Assembly Unity.2D.Aseprite.EditorTests.dll at Library/ScriptAssemblies/Unity.2D.Aseprite.EditorTests.dll not valid. Loading of assembly skipped.
Assembly Unity.2D.Common.EditorTests.dll at Library/ScriptAssemblies/Unity.2D.Common.EditorTests.dll not valid. Loading of assembly skipped.
Assembly Unity.2D.PixelPerfect.Editor.Tests.dll at Library/ScriptAssemblies/Unity.2D.PixelPerfect.Editor.Tests.dll not valid. Loading of assembly skipped.
Assembly Unity.2D.Psdimporter.EditorTests.dll at Library/ScriptAssemblies/Unity.2D.Psdimporter.EditorTests.dll not valid. Loading of assembly skipped.
Assembly Unity.2D.Sprite.Package.EditorTests.dll at Library/ScriptAssemblies/Unity.2D.Sprite.Package.EditorTests.dll not valid. Loading of assembly skipped.
Assembly Unity.2D.SpriteShape.EditorTests.dll at Library/ScriptAssemblies/Unity.2D.SpriteShape.EditorTests.dll not valid. Loading of assembly skipped.
Assembly Unity.2D.Tilemap.Package.EditorTests.dll at Library/ScriptAssemblies/Unity.2D.Tilemap.Package.EditorTests.dll not valid. Loading of assembly skipped.
Assembly Unity.Collections.BurstCompatibilityGen.dll at Library/ScriptAssemblies/Unity.Collections.BurstCompatibilityGen.dll not valid. Loading of assembly skipped.
Assembly Unity.Collections.DocCodeSamples.dll at Library/ScriptAssemblies/Unity.Collections.DocCodeSamples.dll not valid. Loading of assembly skipped.
Assembly Unity.Collections.PerformanceTests.dll at Library/ScriptAssemblies/Unity.Collections.PerformanceTests.dll not valid. Loading of assembly skipped.
Assembly Unity.Collections.Tests.dll at Library/ScriptAssemblies/Unity.Collections.Tests.dll not valid. Loading of assembly skipped.
Assembly Unity.Collections.Tests.Playmode.dll at Library/ScriptAssemblies/Unity.Collections.Tests.Playmode.dll not valid. Loading of assembly skipped.
Assembly Unity.InputSystem.IntegrationTests.dll at Library/ScriptAssemblies/Unity.InputSystem.IntegrationTests.dll not valid. Loading of assembly skipped.
Assembly Unity.Mathematics.Tests.dll at Library/ScriptAssemblies/Unity.Mathematics.Tests.dll not valid. Loading of assembly skipped.
Assembly Unity.Multiplayer.Center.Editor.Tests.dll at Library/ScriptAssemblies/Unity.Multiplayer.Center.Editor.Tests.dll not valid. Loading of assembly skipped.
Assembly Unity.Multiplayer.Center.Tests.dll at Library/ScriptAssemblies/Unity.Multiplayer.Center.Tests.dll not valid. Loading of assembly skipped.
Assembly Unity.Nuget.Mono-Cecil.dll at Library/ScriptAssemblies/Unity.Nuget.Mono-Cecil.dll not valid. Loading of assembly skipped.
Assembly Unity.TextMeshPro.Editor.Tests.dll at Library/ScriptAssemblies/Unity.TextMeshPro.Editor.Tests.dll not valid. Loading of assembly skipped.
Assembly Unity.TextMeshPro.Tests.dll at Library/ScriptAssemblies/Unity.TextMeshPro.Tests.dll not valid. Loading of assembly skipped.
Assembly UnityEditor.UI.Common.Tests.dll at Library/ScriptAssemblies/UnityEditor.UI.Common.Tests.dll not valid. Loading of assembly skipped.
Assembly UnityEditor.UI.EditorTests.dll at Library/ScriptAssemblies/UnityEditor.UI.EditorTests.dll not valid. Loading of assembly skipped.
Assembly UnityEngine.UI.Tests.dll at Library/ScriptAssemblies/UnityEngine.UI.Tests.dll not valid. Loading of assembly skipped.
Symbol file LoadedFromMemory is not a mono symbol file
Refreshing native plugins compatible for Editor in 8.60 ms, found 4 plugins.
Native extension for WindowsStandalone target not found
[Package Manager] Failed to launch server process. Reason: Unity was launched with the -noUpm command-line argument
[Package Manager] Unable to send message (not connected to server process).
[Package Manager] Cannot connect to Unity Package Manager local server
[Package Manager] Failed to launch server process. Reason: Unity was launched with the -noUpm command-line argument
[Package Manager] Unable to send message (not connected to server process).
[Package Manager] Cannot connect to Unity Package Manager local server
ScheduleIndexationOnStartup MainProcess:False IndexOnStartup:True
Mono: successfully reloaded assembly
- Finished resetting the current domain, in  4.446 seconds
Domain Reload Profiling: 6340ms
	BeginReloadAssembly (522ms)
		DisableScriptedObjects (32ms)
		CreateAndSetChildDomain (115ms)
	RebuildCommonClasses (91ms)
	RebuildNativeTypeToScriptingClass (26ms)
	initialDomainReloadingComplete (174ms)
	LoadAllAssembliesAndSetupDomain (1081ms)
		LoadAssemblies (947ms)
		AnalyzeDomain (406ms)
			TypeCache.Refresh (15ms)
			BuildScriptInfoCaches (374ms)
			ResolveRequiredComponents (12ms)
	FinalizeReload (4447ms)
		SetupLoadedEditorAssemblies (0ms)
			InitializePlatformSupportModulesInManaged (4ms)
			BeforeProcessingInitializeOnLoad (443ms)
			ProcessInitializeOnLoadAttributes (3336ms)
			ProcessInitializeOnLoadMethodAttributes (193ms)
			AfterProcessingInitializeOnLoad (24ms)
		AwakeInstancesAfterBackupRestoration (18ms)
Refreshing native plugins compatible for Editor in 4.89 ms, found 4 plugins.
Unloading 0 Unused Serialized files (Serialized files now loaded: 0)
Unloading 5283 unused Assets / (1.6 MB). Loaded Objects now: 5894.
Memory consumption went from 118.0 MB to 116.4 MB.
Total: 14.955200 ms (FindLiveObjects: 1.000900 ms CreateObjectMapping: 0.712200 ms MarkObjects: 10.815100 ms  DeleteObjects: 2.424900 ms)

Prepare: number of updated asset objects reloaded= 0
========================================================================
Received Prepare
Begin MonoManager ReloadAssembly
[Licensing::Client] Successfully resolved entitlement details
Assembly Assembly-CSharp-Editor-firstpass.dll at Library/ScriptAssemblies/Assembly-CSharp-Editor-firstpass.dll not valid. Loading of assembly skipped.
Assembly Assembly-CSharp-Editor.dll at Library/ScriptAssemblies/Assembly-CSharp-Editor.dll not valid. Loading of assembly skipped.
Assembly Assembly-CSharp-firstpass.dll at Library/ScriptAssemblies/Assembly-CSharp-firstpass.dll not valid. Loading of assembly skipped.
Assembly DocCodeExamples.dll at Library/ScriptAssemblies/DocCodeExamples.dll not valid. Loading of assembly skipped.
Assembly TestNewCustomAssembly.dll at Library/ScriptAssemblies/TestNewCustomAssembly.dll not valid. Loading of assembly skipped.
Assembly Unity.2D.Animation.EditorTests.dll at Library/ScriptAssemblies/Unity.2D.Animation.EditorTests.dll not valid. Loading of assembly skipped.
Assembly Unity.2D.Aseprite.EditorTests.dll at Library/ScriptAssemblies/Unity.2D.Aseprite.EditorTests.dll not valid. Loading of assembly skipped.
Assembly Unity.2D.Common.EditorTests.dll at Library/ScriptAssemblies/Unity.2D.Common.EditorTests.dll not valid. Loading of assembly skipped.
Assembly Unity.2D.PixelPerfect.Editor.Tests.dll at Library/ScriptAssemblies/Unity.2D.PixelPerfect.Editor.Tests.dll not valid. Loading of assembly skipped.
Assembly Unity.2D.Psdimporter.EditorTests.dll at Library/ScriptAssemblies/Unity.2D.Psdimporter.EditorTests.dll not valid. Loading of assembly skipped.
Assembly Unity.2D.Sprite.Package.EditorTests.dll at Library/ScriptAssemblies/Unity.2D.Sprite.Package.EditorTests.dll not valid. Loading of assembly skipped.
Assembly Unity.2D.SpriteShape.EditorTests.dll at Library/ScriptAssemblies/Unity.2D.SpriteShape.EditorTests.dll not valid. Loading of assembly skipped.
Assembly Unity.2D.Tilemap.Package.EditorTests.dll at Library/ScriptAssemblies/Unity.2D.Tilemap.Package.EditorTests.dll not valid. Loading of assembly skipped.
Assembly Unity.Collections.BurstCompatibilityGen.dll at Library/ScriptAssemblies/Unity.Collections.BurstCompatibilityGen.dll not valid. Loading of assembly skipped.
Assembly Unity.Collections.DocCodeSamples.dll at Library/ScriptAssemblies/Unity.Collections.DocCodeSamples.dll not valid. Loading of assembly skipped.
Assembly Unity.Collections.PerformanceTests.dll at Library/ScriptAssemblies/Unity.Collections.PerformanceTests.dll not valid. Loading of assembly skipped.
Assembly Unity.Collections.Tests.dll at Library/ScriptAssemblies/Unity.Collections.Tests.dll not valid. Loading of assembly skipped.
Assembly Unity.Collections.Tests.Playmode.dll at Library/ScriptAssemblies/Unity.Collections.Tests.Playmode.dll not valid. Loading of assembly skipped.
Assembly Unity.InputSystem.IntegrationTests.dll at Library/ScriptAssemblies/Unity.InputSystem.IntegrationTests.dll not valid. Loading of assembly skipped.
Assembly Unity.Mathematics.Tests.dll at Library/ScriptAssemblies/Unity.Mathematics.Tests.dll not valid. Loading of assembly skipped.
Assembly Unity.Multiplayer.Center.Editor.Tests.dll at Library/ScriptAssemblies/Unity.Multiplayer.Center.Editor.Tests.dll not valid. Loading of assembly skipped.
Assembly Unity.Multiplayer.Center.Tests.dll at Library/ScriptAssemblies/Unity.Multiplayer.Center.Tests.dll not valid. Loading of assembly skipped.
Assembly Unity.Nuget.Mono-Cecil.dll at Library/ScriptAssemblies/Unity.Nuget.Mono-Cecil.dll not valid. Loading of assembly skipped.
Assembly Unity.TextMeshPro.Editor.Tests.dll at Library/ScriptAssemblies/Unity.TextMeshPro.Editor.Tests.dll not valid. Loading of assembly skipped.
Assembly Unity.TextMeshPro.Tests.dll at Library/ScriptAssemblies/Unity.TextMeshPro.Tests.dll not valid. Loading of assembly skipped.
Assembly UnityEditor.UI.Common.Tests.dll at Library/ScriptAssemblies/UnityEditor.UI.Common.Tests.dll not valid. Loading of assembly skipped.
Assembly UnityEditor.UI.EditorTests.dll at Library/ScriptAssemblies/UnityEditor.UI.EditorTests.dll not valid. Loading of assembly skipped.
Assembly UnityEngine.UI.Tests.dll at Library/ScriptAssemblies/UnityEngine.UI.Tests.dll not valid. Loading of assembly skipped.
Symbol file LoadedFromMemory is not a mono symbol file
Refreshing native plugins compatible for Editor in 7.53 ms, found 4 plugins.
Native extension for WindowsStandalone target not found
[Package Manager] Failed to launch server process. Reason: Unity was launched with the -noUpm command-line argument
[Package Manager] Unable to send message (not connected to server process).
[Package Manager] Cannot connect to Unity Package Manager local server
[Package Manager] Failed to launch server process. Reason: Unity was launched with the -noUpm command-line argument
[Package Manager] Unable to send message (not connected to server process).
[Package Manager] Cannot connect to Unity Package Manager local server
ScheduleIndexationOnStartup MainProcess:False IndexOnStartup:True
Mono: successfully reloaded assembly
- Finished resetting the current domain, in  4.144 seconds
Domain Reload Profiling: 5889ms
	BeginReloadAssembly (507ms)
		DisableScriptedObjects (31ms)
		CreateAndSetChildDomain (111ms)
	RebuildCommonClasses (88ms)
	RebuildNativeTypeToScriptingClass (29ms)
	initialDomainReloadingComplete (138ms)
	LoadAllAssembliesAndSetupDomain (980ms)
		LoadAssemblies (868ms)
		AnalyzeDomain (370ms)
			TypeCache.Refresh (12ms)
			BuildScriptInfoCaches (343ms)
			ResolveRequiredComponents (12ms)
	FinalizeReload (4146ms)
		SetupLoadedEditorAssemblies (0ms)
			InitializePlatformSupportModulesInManaged (4ms)
			BeforeProcessingInitializeOnLoad (376ms)
			ProcessInitializeOnLoadAttributes (3098ms)
			ProcessInitializeOnLoadMethodAttributes (190ms)
			AfterProcessingInitializeOnLoad (24ms)
		AwakeInstancesAfterBackupRestoration (18ms)
Refreshing native plugins compatible for Editor in 6.66 ms, found 4 plugins.
Unloading 0 Unused Serialized files (Serialized files now loaded: 0)
Unloading 5283 unused Assets / (1.9 MB). Loaded Objects now: 5898.
Memory consumption went from 118.7 MB to 116.8 MB.
Total: 19.565500 ms (FindLiveObjects: 0.785800 ms CreateObjectMapping: 1.130700 ms MarkObjects: 14.113500 ms  DeleteObjects: 3.532700 ms)

Prepare: number of updated asset objects reloaded= 0
========================================================================
Received Prepare
Begin MonoManager ReloadAssembly
[Licensing::Client] Successfully resolved entitlement details
Assembly Assembly-CSharp-Editor-firstpass.dll at Library/ScriptAssemblies/Assembly-CSharp-Editor-firstpass.dll not valid. Loading of assembly skipped.
Assembly Assembly-CSharp-Editor.dll at Library/ScriptAssemblies/Assembly-CSharp-Editor.dll not valid. Loading of assembly skipped.
Assembly Assembly-CSharp-firstpass.dll at Library/ScriptAssemblies/Assembly-CSharp-firstpass.dll not valid. Loading of assembly skipped.
Assembly DocCodeExamples.dll at Library/ScriptAssemblies/DocCodeExamples.dll not valid. Loading of assembly skipped.
Assembly TestNewCustomAssembly.dll at Library/ScriptAssemblies/TestNewCustomAssembly.dll not valid. Loading of assembly skipped.
Assembly Unity.2D.Animation.EditorTests.dll at Library/ScriptAssemblies/Unity.2D.Animation.EditorTests.dll not valid. Loading of assembly skipped.
Assembly Unity.2D.Aseprite.EditorTests.dll at Library/ScriptAssemblies/Unity.2D.Aseprite.EditorTests.dll not valid. Loading of assembly skipped.
Assembly Unity.2D.Common.EditorTests.dll at Library/ScriptAssemblies/Unity.2D.Common.EditorTests.dll not valid. Loading of assembly skipped.
Assembly Unity.2D.PixelPerfect.Editor.Tests.dll at Library/ScriptAssemblies/Unity.2D.PixelPerfect.Editor.Tests.dll not valid. Loading of assembly skipped.
Assembly Unity.2D.Psdimporter.EditorTests.dll at Library/ScriptAssemblies/Unity.2D.Psdimporter.EditorTests.dll not valid. Loading of assembly skipped.
Assembly Unity.2D.Sprite.Package.EditorTests.dll at Library/ScriptAssemblies/Unity.2D.Sprite.Package.EditorTests.dll not valid. Loading of assembly skipped.
Assembly Unity.2D.SpriteShape.EditorTests.dll at Library/ScriptAssemblies/Unity.2D.SpriteShape.EditorTests.dll not valid. Loading of assembly skipped.
Assembly Unity.2D.Tilemap.Package.EditorTests.dll at Library/ScriptAssemblies/Unity.2D.Tilemap.Package.EditorTests.dll not valid. Loading of assembly skipped.
Assembly Unity.Collections.BurstCompatibilityGen.dll at Library/ScriptAssemblies/Unity.Collections.BurstCompatibilityGen.dll not valid. Loading of assembly skipped.
Assembly Unity.Collections.DocCodeSamples.dll at Library/ScriptAssemblies/Unity.Collections.DocCodeSamples.dll not valid. Loading of assembly skipped.
Assembly Unity.Collections.PerformanceTests.dll at Library/ScriptAssemblies/Unity.Collections.PerformanceTests.dll not valid. Loading of assembly skipped.
Assembly Unity.Collections.Tests.dll at Library/ScriptAssemblies/Unity.Collections.Tests.dll not valid. Loading of assembly skipped.
Assembly Unity.Collections.Tests.Playmode.dll at Library/ScriptAssemblies/Unity.Collections.Tests.Playmode.dll not valid. Loading of assembly skipped.
Assembly Unity.InputSystem.IntegrationTests.dll at Library/ScriptAssemblies/Unity.InputSystem.IntegrationTests.dll not valid. Loading of assembly skipped.
Assembly Unity.Mathematics.Tests.dll at Library/ScriptAssemblies/Unity.Mathematics.Tests.dll not valid. Loading of assembly skipped.
Assembly Unity.Multiplayer.Center.Editor.Tests.dll at Library/ScriptAssemblies/Unity.Multiplayer.Center.Editor.Tests.dll not valid. Loading of assembly skipped.
Assembly Unity.Multiplayer.Center.Tests.dll at Library/ScriptAssemblies/Unity.Multiplayer.Center.Tests.dll not valid. Loading of assembly skipped.
Assembly Unity.Nuget.Mono-Cecil.dll at Library/ScriptAssemblies/Unity.Nuget.Mono-Cecil.dll not valid. Loading of assembly skipped.
Assembly Unity.TextMeshPro.Editor.Tests.dll at Library/ScriptAssemblies/Unity.TextMeshPro.Editor.Tests.dll not valid. Loading of assembly skipped.
Assembly Unity.TextMeshPro.Tests.dll at Library/ScriptAssemblies/Unity.TextMeshPro.Tests.dll not valid. Loading of assembly skipped.
Assembly UnityEditor.UI.Common.Tests.dll at Library/ScriptAssemblies/UnityEditor.UI.Common.Tests.dll not valid. Loading of assembly skipped.
Assembly UnityEditor.UI.EditorTests.dll at Library/ScriptAssemblies/UnityEditor.UI.EditorTests.dll not valid. Loading of assembly skipped.
Assembly UnityEngine.UI.Tests.dll at Library/ScriptAssemblies/UnityEngine.UI.Tests.dll not valid. Loading of assembly skipped.
Symbol file LoadedFromMemory is not a mono symbol file
Refreshing native plugins compatible for Editor in 7.13 ms, found 4 plugins.
Native extension for WindowsStandalone target not found
[Package Manager] Failed to launch server process. Reason: Unity was launched with the -noUpm command-line argument
[Package Manager] Unable to send message (not connected to server process).
[Package Manager] Cannot connect to Unity Package Manager local server
[Package Manager] Failed to launch server process. Reason: Unity was launched with the -noUpm command-line argument
[Package Manager] Unable to send message (not connected to server process).
[Package Manager] Cannot connect to Unity Package Manager local server
ScheduleIndexationOnStartup MainProcess:False IndexOnStartup:True
Mono: successfully reloaded assembly
- Finished resetting the current domain, in  4.754 seconds
Domain Reload Profiling: 7064ms
	BeginReloadAssembly (823ms)
		DisableScriptedObjects (80ms)
		CreateAndSetChildDomain (124ms)
	RebuildCommonClasses (119ms)
	RebuildNativeTypeToScriptingClass (26ms)
	initialDomainReloadingComplete (167ms)
	LoadAllAssembliesAndSetupDomain (1174ms)
		LoadAssemblies (1067ms)
		AnalyzeDomain (466ms)
			TypeCache.Refresh (21ms)
			BuildScriptInfoCaches (425ms)
			ResolveRequiredComponents (15ms)
	FinalizeReload (4755ms)
		SetupLoadedEditorAssemblies (0ms)
			InitializePlatformSupportModulesInManaged (5ms)
			BeforeProcessingInitializeOnLoad (448ms)
			ProcessInitializeOnLoadAttributes (3630ms)
			ProcessInitializeOnLoadMethodAttributes (222ms)
			AfterProcessingInitializeOnLoad (29ms)
		AwakeInstancesAfterBackupRestoration (20ms)
Refreshing native plugins compatible for Editor in 8.94 ms, found 4 plugins.
Unloading 0 Unused Serialized files (Serialized files now loaded: 0)
Unloading 5283 unused Assets / (2.0 MB). Loaded Objects now: 5902.
Memory consumption went from 119.4 MB to 117.4 MB.
Total: 20.179400 ms (FindLiveObjects: 1.451000 ms CreateObjectMapping: 1.930200 ms MarkObjects: 12.928500 ms  DeleteObjects: 3.867000 ms)

Prepare: number of updated asset objects reloaded= 0
========================================================================
Received Prepare
Begin MonoManager ReloadAssembly
Assembly Assembly-CSharp-Editor-firstpass.dll at Library/ScriptAssemblies/Assembly-CSharp-Editor-firstpass.dll not valid. Loading of assembly skipped.
Assembly Assembly-CSharp-Editor.dll at Library/ScriptAssemblies/Assembly-CSharp-Editor.dll not valid. Loading of assembly skipped.
Assembly Assembly-CSharp-firstpass.dll at Library/ScriptAssemblies/Assembly-CSharp-firstpass.dll not valid. Loading of assembly skipped.
Assembly DocCodeExamples.dll at Library/ScriptAssemblies/DocCodeExamples.dll not valid. Loading of assembly skipped.
Assembly TestNewCustomAssembly.dll at Library/ScriptAssemblies/TestNewCustomAssembly.dll not valid. Loading of assembly skipped.
Assembly Unity.2D.Animation.EditorTests.dll at Library/ScriptAssemblies/Unity.2D.Animation.EditorTests.dll not valid. Loading of assembly skipped.
Assembly Unity.2D.Aseprite.EditorTests.dll at Library/ScriptAssemblies/Unity.2D.Aseprite.EditorTests.dll not valid. Loading of assembly skipped.
Assembly Unity.2D.Common.EditorTests.dll at Library/ScriptAssemblies/Unity.2D.Common.EditorTests.dll not valid. Loading of assembly skipped.
Assembly Unity.2D.PixelPerfect.Editor.Tests.dll at Library/ScriptAssemblies/Unity.2D.PixelPerfect.Editor.Tests.dll not valid. Loading of assembly skipped.
Assembly Unity.2D.Psdimporter.EditorTests.dll at Library/ScriptAssemblies/Unity.2D.Psdimporter.EditorTests.dll not valid. Loading of assembly skipped.
Assembly Unity.2D.Sprite.Package.EditorTests.dll at Library/ScriptAssemblies/Unity.2D.Sprite.Package.EditorTests.dll not valid. Loading of assembly skipped.
Assembly Unity.2D.SpriteShape.EditorTests.dll at Library/ScriptAssemblies/Unity.2D.SpriteShape.EditorTests.dll not valid. Loading of assembly skipped.
Assembly Unity.2D.Tilemap.Package.EditorTests.dll at Library/ScriptAssemblies/Unity.2D.Tilemap.Package.EditorTests.dll not valid. Loading of assembly skipped.
Assembly Unity.Collections.BurstCompatibilityGen.dll at Library/ScriptAssemblies/Unity.Collections.BurstCompatibilityGen.dll not valid. Loading of assembly skipped.
Assembly Unity.Collections.DocCodeSamples.dll at Library/ScriptAssemblies/Unity.Collections.DocCodeSamples.dll not valid. Loading of assembly skipped.
Assembly Unity.Collections.PerformanceTests.dll at Library/ScriptAssemblies/Unity.Collections.PerformanceTests.dll not valid. Loading of assembly skipped.
Assembly Unity.Collections.Tests.dll at Library/ScriptAssemblies/Unity.Collections.Tests.dll not valid. Loading of assembly skipped.
Assembly Unity.Collections.Tests.Playmode.dll at Library/ScriptAssemblies/Unity.Collections.Tests.Playmode.dll not valid. Loading of assembly skipped.
Assembly Unity.InputSystem.IntegrationTests.dll at Library/ScriptAssemblies/Unity.InputSystem.IntegrationTests.dll not valid. Loading of assembly skipped.
Assembly Unity.Mathematics.Tests.dll at Library/ScriptAssemblies/Unity.Mathematics.Tests.dll not valid. Loading of assembly skipped.
Assembly Unity.Multiplayer.Center.Editor.Tests.dll at Library/ScriptAssemblies/Unity.Multiplayer.Center.Editor.Tests.dll not valid. Loading of assembly skipped.
Assembly Unity.Multiplayer.Center.Tests.dll at Library/ScriptAssemblies/Unity.Multiplayer.Center.Tests.dll not valid. Loading of assembly skipped.
Assembly Unity.Nuget.Mono-Cecil.dll at Library/ScriptAssemblies/Unity.Nuget.Mono-Cecil.dll not valid. Loading of assembly skipped.
Assembly Unity.TextMeshPro.Editor.Tests.dll at Library/ScriptAssemblies/Unity.TextMeshPro.Editor.Tests.dll not valid. Loading of assembly skipped.
Assembly Unity.TextMeshPro.Tests.dll at Library/ScriptAssemblies/Unity.TextMeshPro.Tests.dll not valid. Loading of assembly skipped.
Assembly UnityEditor.UI.Common.Tests.dll at Library/ScriptAssemblies/UnityEditor.UI.Common.Tests.dll not valid. Loading of assembly skipped.
Assembly UnityEditor.UI.EditorTests.dll at Library/ScriptAssemblies/UnityEditor.UI.EditorTests.dll not valid. Loading of assembly skipped.
Assembly UnityEngine.UI.Tests.dll at Library/ScriptAssemblies/UnityEngine.UI.Tests.dll not valid. Loading of assembly skipped.
Symbol file LoadedFromMemory is not a mono symbol file
Refreshing native plugins compatible for Editor in 6.14 ms, found 4 plugins.
Native extension for WindowsStandalone target not found
[Package Manager] Failed to launch server process. Reason: Unity was launched with the -noUpm command-line argument
[Package Manager] Unable to send message (not connected to server process).
[Package Manager] Cannot connect to Unity Package Manager local server
[Package Manager] Failed to launch server process. Reason: Unity was launched with the -noUpm command-line argument
[Package Manager] Unable to send message (not connected to server process).
[Package Manager] Cannot connect to Unity Package Manager local server
ScheduleIndexationOnStartup MainProcess:False IndexOnStartup:True
Mono: successfully reloaded assembly
- Finished resetting the current domain, in  4.072 seconds
Domain Reload Profiling: 5914ms
	BeginReloadAssembly (522ms)
		DisableScriptedObjects (46ms)
		CreateAndSetChildDomain (133ms)
	RebuildCommonClasses (111ms)
	RebuildNativeTypeToScriptingClass (25ms)
	initialDomainReloadingComplete (160ms)
	LoadAllAssembliesAndSetupDomain (1022ms)
		LoadAssemblies (805ms)
		AnalyzeDomain (418ms)
			TypeCache.Refresh (14ms)
			BuildScriptInfoCaches (382ms)
			ResolveRequiredComponents (17ms)
	FinalizeReload (4073ms)
		SetupLoadedEditorAssemblies (0ms)
			InitializePlatformSupportModulesInManaged (5ms)
			BeforeProcessingInitializeOnLoad (408ms)
			ProcessInitializeOnLoadAttributes (3042ms)
			ProcessInitializeOnLoadMethodAttributes (182ms)
			AfterProcessingInitializeOnLoad (26ms)
		AwakeInstancesAfterBackupRestoration (21ms)
Refreshing native plugins compatible for Editor in 5.52 ms, found 4 plugins.
Unloading 0 Unused Serialized files (Serialized files now loaded: 0)
Unloading 5283 unused Assets / (1.3 MB). Loaded Objects now: 5906.
Memory consumption went from 120.1 MB to 118.9 MB.
Total: 15.268600 ms (FindLiveObjects: 0.846600 ms CreateObjectMapping: 0.967500 ms MarkObjects: 11.170800 ms  DeleteObjects: 2.281700 ms)

Prepare: number of updated asset objects reloaded= 0
========================================================================
Received Prepare
Begin MonoManager ReloadAssembly
Assembly Assembly-CSharp-Editor-firstpass.dll at Library/ScriptAssemblies/Assembly-CSharp-Editor-firstpass.dll not valid. Loading of assembly skipped.
Assembly Assembly-CSharp-Editor.dll at Library/ScriptAssemblies/Assembly-CSharp-Editor.dll not valid. Loading of assembly skipped.
Assembly Assembly-CSharp-firstpass.dll at Library/ScriptAssemblies/Assembly-CSharp-firstpass.dll not valid. Loading of assembly skipped.
Assembly DocCodeExamples.dll at Library/ScriptAssemblies/DocCodeExamples.dll not valid. Loading of assembly skipped.
Assembly TestNewCustomAssembly.dll at Library/ScriptAssemblies/TestNewCustomAssembly.dll not valid. Loading of assembly skipped.
Assembly Unity.2D.Animation.EditorTests.dll at Library/ScriptAssemblies/Unity.2D.Animation.EditorTests.dll not valid. Loading of assembly skipped.
Assembly Unity.2D.Aseprite.EditorTests.dll at Library/ScriptAssemblies/Unity.2D.Aseprite.EditorTests.dll not valid. Loading of assembly skipped.
Assembly Unity.2D.Common.EditorTests.dll at Library/ScriptAssemblies/Unity.2D.Common.EditorTests.dll not valid. Loading of assembly skipped.
Assembly Unity.2D.PixelPerfect.Editor.Tests.dll at Library/ScriptAssemblies/Unity.2D.PixelPerfect.Editor.Tests.dll not valid. Loading of assembly skipped.
Assembly Unity.2D.Psdimporter.EditorTests.dll at Library/ScriptAssemblies/Unity.2D.Psdimporter.EditorTests.dll not valid. Loading of assembly skipped.
Assembly Unity.2D.Sprite.Package.EditorTests.dll at Library/ScriptAssemblies/Unity.2D.Sprite.Package.EditorTests.dll not valid. Loading of assembly skipped.
Assembly Unity.2D.SpriteShape.EditorTests.dll at Library/ScriptAssemblies/Unity.2D.SpriteShape.EditorTests.dll not valid. Loading of assembly skipped.
Assembly Unity.2D.Tilemap.Package.EditorTests.dll at Library/ScriptAssemblies/Unity.2D.Tilemap.Package.EditorTests.dll not valid. Loading of assembly skipped.
Assembly Unity.Collections.BurstCompatibilityGen.dll at Library/ScriptAssemblies/Unity.Collections.BurstCompatibilityGen.dll not valid. Loading of assembly skipped.
Assembly Unity.Collections.DocCodeSamples.dll at Library/ScriptAssemblies/Unity.Collections.DocCodeSamples.dll not valid. Loading of assembly skipped.
Assembly Unity.Collections.PerformanceTests.dll at Library/ScriptAssemblies/Unity.Collections.PerformanceTests.dll not valid. Loading of assembly skipped.
Assembly Unity.Collections.Tests.dll at Library/ScriptAssemblies/Unity.Collections.Tests.dll not valid. Loading of assembly skipped.
Assembly Unity.Collections.Tests.Playmode.dll at Library/ScriptAssemblies/Unity.Collections.Tests.Playmode.dll not valid. Loading of assembly skipped.
Assembly Unity.InputSystem.IntegrationTests.dll at Library/ScriptAssemblies/Unity.InputSystem.IntegrationTests.dll not valid. Loading of assembly skipped.
Assembly Unity.Mathematics.Tests.dll at Library/ScriptAssemblies/Unity.Mathematics.Tests.dll not valid. Loading of assembly skipped.
Assembly Unity.Multiplayer.Center.Editor.Tests.dll at Library/ScriptAssemblies/Unity.Multiplayer.Center.Editor.Tests.dll not valid. Loading of assembly skipped.
Assembly Unity.Multiplayer.Center.Tests.dll at Library/ScriptAssemblies/Unity.Multiplayer.Center.Tests.dll not valid. Loading of assembly skipped.
Assembly Unity.Nuget.Mono-Cecil.dll at Library/ScriptAssemblies/Unity.Nuget.Mono-Cecil.dll not valid. Loading of assembly skipped.
Assembly Unity.TextMeshPro.Editor.Tests.dll at Library/ScriptAssemblies/Unity.TextMeshPro.Editor.Tests.dll not valid. Loading of assembly skipped.
Assembly Unity.TextMeshPro.Tests.dll at Library/ScriptAssemblies/Unity.TextMeshPro.Tests.dll not valid. Loading of assembly skipped.
Assembly UnityEditor.UI.Common.Tests.dll at Library/ScriptAssemblies/UnityEditor.UI.Common.Tests.dll not valid. Loading of assembly skipped.
Assembly UnityEditor.UI.EditorTests.dll at Library/ScriptAssemblies/UnityEditor.UI.EditorTests.dll not valid. Loading of assembly skipped.
Assembly UnityEngine.UI.Tests.dll at Library/ScriptAssemblies/UnityEngine.UI.Tests.dll not valid. Loading of assembly skipped.
Symbol file LoadedFromMemory is not a mono symbol file
Refreshing native plugins compatible for Editor in 8.54 ms, found 4 plugins.
Native extension for WindowsStandalone target not found
[Package Manager] Failed to launch server process. Reason: Unity was launched with the -noUpm command-line argument
[Package Manager] Unable to send message (not connected to server process).
[Package Manager] Cannot connect to Unity Package Manager local server
[Package Manager] Failed to launch server process. Reason: Unity was launched with the -noUpm command-line argument
[Package Manager] Unable to send message (not connected to server process).
[Package Manager] Cannot connect to Unity Package Manager local server
ScheduleIndexationOnStartup MainProcess:False IndexOnStartup:True
Mono: successfully reloaded assembly
- Finished resetting the current domain, in  4.720 seconds
Domain Reload Profiling: 6935ms
	BeginReloadAssembly (614ms)
		DisableScriptedObjects (41ms)
		CreateAndSetChildDomain (152ms)
	RebuildCommonClasses (110ms)
	RebuildNativeTypeToScriptingClass (36ms)
	initialDomainReloadingComplete (192ms)
	LoadAllAssembliesAndSetupDomain (1262ms)
		LoadAssemblies (1008ms)
		AnalyzeDomain (525ms)
			TypeCache.Refresh (13ms)
			BuildScriptInfoCaches (487ms)
			ResolveRequiredComponents (20ms)
	FinalizeReload (4722ms)
		SetupLoadedEditorAssemblies (0ms)
			InitializePlatformSupportModulesInManaged (5ms)
			BeforeProcessingInitializeOnLoad (480ms)
			ProcessInitializeOnLoadAttributes (3534ms)
			ProcessInitializeOnLoadMethodAttributes (208ms)
			AfterProcessingInitializeOnLoad (28ms)
		AwakeInstancesAfterBackupRestoration (21ms)
Refreshing native plugins compatible for Editor in 7.63 ms, found 4 plugins.
Unloading 0 Unused Serialized files (Serialized files now loaded: 0)
Unloading 5283 unused Assets / (2.4 MB). Loaded Objects now: 5910.
Memory consumption went from 120.8 MB to 118.4 MB.
Total: 23.160900 ms (FindLiveObjects: 0.876400 ms CreateObjectMapping: 1.507400 ms MarkObjects: 15.546200 ms  DeleteObjects: 5.228000 ms)

Prepare: number of updated asset objects reloaded= 0
========================================================================
Received Prepare
Refreshing native plugins compatible for Editor in 9.88 ms, found 4 plugins.
Unloading 0 Unused Serialized files (Serialized files now loaded: 0)
Unloading 5273 unused Assets / (3.6 MB). Loaded Objects now: 5910.
Memory consumption went from 121.7 MB to 118.1 MB.
Total: 36.606500 ms (FindLiveObjects: 3.063500 ms CreateObjectMapping: 2.065700 ms MarkObjects: 19.350200 ms  DeleteObjects: 12.123800 ms)

Prepare: number of updated asset objects reloaded= 0
========================================================================
Received Prepare
Begin MonoManager ReloadAssembly
[Licensing::Client] Successfully resolved entitlement details
Assembly Assembly-CSharp-Editor-firstpass.dll at Library/ScriptAssemblies/Assembly-CSharp-Editor-firstpass.dll not valid. Loading of assembly skipped.
Assembly Assembly-CSharp-Editor.dll at Library/ScriptAssemblies/Assembly-CSharp-Editor.dll not valid. Loading of assembly skipped.
Assembly Assembly-CSharp-firstpass.dll at Library/ScriptAssemblies/Assembly-CSharp-firstpass.dll not valid. Loading of assembly skipped.
Assembly DocCodeExamples.dll at Library/ScriptAssemblies/DocCodeExamples.dll not valid. Loading of assembly skipped.
Assembly TestNewCustomAssembly.dll at Library/ScriptAssemblies/TestNewCustomAssembly.dll not valid. Loading of assembly skipped.
Assembly Unity.2D.Animation.EditorTests.dll at Library/ScriptAssemblies/Unity.2D.Animation.EditorTests.dll not valid. Loading of assembly skipped.
Assembly Unity.2D.Aseprite.EditorTests.dll at Library/ScriptAssemblies/Unity.2D.Aseprite.EditorTests.dll not valid. Loading of assembly skipped.
Assembly Unity.2D.Common.EditorTests.dll at Library/ScriptAssemblies/Unity.2D.Common.EditorTests.dll not valid. Loading of assembly skipped.
Assembly Unity.2D.PixelPerfect.Editor.Tests.dll at Library/ScriptAssemblies/Unity.2D.PixelPerfect.Editor.Tests.dll not valid. Loading of assembly skipped.
Assembly Unity.2D.Psdimporter.EditorTests.dll at Library/ScriptAssemblies/Unity.2D.Psdimporter.EditorTests.dll not valid. Loading of assembly skipped.
Assembly Unity.2D.Sprite.Package.EditorTests.dll at Library/ScriptAssemblies/Unity.2D.Sprite.Package.EditorTests.dll not valid. Loading of assembly skipped.
Assembly Unity.2D.SpriteShape.EditorTests.dll at Library/ScriptAssemblies/Unity.2D.SpriteShape.EditorTests.dll not valid. Loading of assembly skipped.
Assembly Unity.2D.Tilemap.Package.EditorTests.dll at Library/ScriptAssemblies/Unity.2D.Tilemap.Package.EditorTests.dll not valid. Loading of assembly skipped.
Assembly Unity.Collections.BurstCompatibilityGen.dll at Library/ScriptAssemblies/Unity.Collections.BurstCompatibilityGen.dll not valid. Loading of assembly skipped.
Assembly Unity.Collections.DocCodeSamples.dll at Library/ScriptAssemblies/Unity.Collections.DocCodeSamples.dll not valid. Loading of assembly skipped.
Assembly Unity.Collections.PerformanceTests.dll at Library/ScriptAssemblies/Unity.Collections.PerformanceTests.dll not valid. Loading of assembly skipped.
Assembly Unity.Collections.Tests.dll at Library/ScriptAssemblies/Unity.Collections.Tests.dll not valid. Loading of assembly skipped.
Assembly Unity.Collections.Tests.Playmode.dll at Library/ScriptAssemblies/Unity.Collections.Tests.Playmode.dll not valid. Loading of assembly skipped.
Assembly Unity.InputSystem.IntegrationTests.dll at Library/ScriptAssemblies/Unity.InputSystem.IntegrationTests.dll not valid. Loading of assembly skipped.
Assembly Unity.Mathematics.Tests.dll at Library/ScriptAssemblies/Unity.Mathematics.Tests.dll not valid. Loading of assembly skipped.
Assembly Unity.Multiplayer.Center.Editor.Tests.dll at Library/ScriptAssemblies/Unity.Multiplayer.Center.Editor.Tests.dll not valid. Loading of assembly skipped.
Assembly Unity.Multiplayer.Center.Tests.dll at Library/ScriptAssemblies/Unity.Multiplayer.Center.Tests.dll not valid. Loading of assembly skipped.
Assembly Unity.Nuget.Mono-Cecil.dll at Library/ScriptAssemblies/Unity.Nuget.Mono-Cecil.dll not valid. Loading of assembly skipped.
Assembly Unity.TextMeshPro.Editor.Tests.dll at Library/ScriptAssemblies/Unity.TextMeshPro.Editor.Tests.dll not valid. Loading of assembly skipped.
Assembly Unity.TextMeshPro.Tests.dll at Library/ScriptAssemblies/Unity.TextMeshPro.Tests.dll not valid. Loading of assembly skipped.
Assembly UnityEditor.UI.Common.Tests.dll at Library/ScriptAssemblies/UnityEditor.UI.Common.Tests.dll not valid. Loading of assembly skipped.
Assembly UnityEditor.UI.EditorTests.dll at Library/ScriptAssemblies/UnityEditor.UI.EditorTests.dll not valid. Loading of assembly skipped.
Assembly UnityEngine.UI.Tests.dll at Library/ScriptAssemblies/UnityEngine.UI.Tests.dll not valid. Loading of assembly skipped.
Symbol file LoadedFromMemory is not a mono symbol file
Refreshing native plugins compatible for Editor in 7.21 ms, found 4 plugins.
Native extension for WindowsStandalone target not found
[Package Manager] Failed to launch server process. Reason: Unity was launched with the -noUpm command-line argument
[Package Manager] Unable to send message (not connected to server process).
[Package Manager] Cannot connect to Unity Package Manager local server
[Package Manager] Failed to launch server process. Reason: Unity was launched with the -noUpm command-line argument
[Package Manager] Unable to send message (not connected to server process).
[Package Manager] Cannot connect to Unity Package Manager local server
ScheduleIndexationOnStartup MainProcess:False IndexOnStartup:True
Mono: successfully reloaded assembly
- Finished resetting the current domain, in  4.855 seconds
Domain Reload Profiling: 7066ms
	BeginReloadAssembly (639ms)
		DisableScriptedObjects (35ms)
		CreateAndSetChildDomain (151ms)
	RebuildCommonClasses (120ms)
	RebuildNativeTypeToScriptingClass (34ms)
	initialDomainReloadingComplete (196ms)
	LoadAllAssembliesAndSetupDomain (1220ms)
		LoadAssemblies (1016ms)
		AnalyzeDomain (506ms)
			TypeCache.Refresh (21ms)
			BuildScriptInfoCaches (464ms)
			ResolveRequiredComponents (18ms)
	FinalizeReload (4856ms)
		SetupLoadedEditorAssemblies (0ms)
			InitializePlatformSupportModulesInManaged (5ms)
			BeforeProcessingInitializeOnLoad (520ms)
			ProcessInitializeOnLoadAttributes (3603ms)
			ProcessInitializeOnLoadMethodAttributes (227ms)
			AfterProcessingInitializeOnLoad (26ms)
		AwakeInstancesAfterBackupRestoration (22ms)
Refreshing native plugins compatible for Editor in 6.82 ms, found 4 plugins.
Unloading 0 Unused Serialized files (Serialized files now loaded: 0)
Unloading 5283 unused Assets / (2.0 MB). Loaded Objects now: 5914.
Memory consumption went from 122.3 MB to 120.2 MB.
Total: 21.169100 ms (FindLiveObjects: 1.358500 ms CreateObjectMapping: 0.849600 ms MarkObjects: 15.146100 ms  DeleteObjects: 3.812500 ms)

Prepare: number of updated asset objects reloaded= 0
========================================================================
Received Prepare
Begin MonoManager ReloadAssembly
Assembly Assembly-CSharp-Editor-firstpass.dll at Library/ScriptAssemblies/Assembly-CSharp-Editor-firstpass.dll not valid. Loading of assembly skipped.
Assembly Assembly-CSharp-Editor.dll at Library/ScriptAssemblies/Assembly-CSharp-Editor.dll not valid. Loading of assembly skipped.
Assembly Assembly-CSharp-firstpass.dll at Library/ScriptAssemblies/Assembly-CSharp-firstpass.dll not valid. Loading of assembly skipped.
Assembly DocCodeExamples.dll at Library/ScriptAssemblies/DocCodeExamples.dll not valid. Loading of assembly skipped.
Assembly TestNewCustomAssembly.dll at Library/ScriptAssemblies/TestNewCustomAssembly.dll not valid. Loading of assembly skipped.
Assembly Unity.2D.Animation.EditorTests.dll at Library/ScriptAssemblies/Unity.2D.Animation.EditorTests.dll not valid. Loading of assembly skipped.
Assembly Unity.2D.Aseprite.EditorTests.dll at Library/ScriptAssemblies/Unity.2D.Aseprite.EditorTests.dll not valid. Loading of assembly skipped.
Assembly Unity.2D.Common.EditorTests.dll at Library/ScriptAssemblies/Unity.2D.Common.EditorTests.dll not valid. Loading of assembly skipped.
Assembly Unity.2D.PixelPerfect.Editor.Tests.dll at Library/ScriptAssemblies/Unity.2D.PixelPerfect.Editor.Tests.dll not valid. Loading of assembly skipped.
Assembly Unity.2D.Psdimporter.EditorTests.dll at Library/ScriptAssemblies/Unity.2D.Psdimporter.EditorTests.dll not valid. Loading of assembly skipped.
Assembly Unity.2D.Sprite.Package.EditorTests.dll at Library/ScriptAssemblies/Unity.2D.Sprite.Package.EditorTests.dll not valid. Loading of assembly skipped.
Assembly Unity.2D.SpriteShape.EditorTests.dll at Library/ScriptAssemblies/Unity.2D.SpriteShape.EditorTests.dll not valid. Loading of assembly skipped.
Assembly Unity.2D.Tilemap.Package.EditorTests.dll at Library/ScriptAssemblies/Unity.2D.Tilemap.Package.EditorTests.dll not valid. Loading of assembly skipped.
Assembly Unity.Collections.BurstCompatibilityGen.dll at Library/ScriptAssemblies/Unity.Collections.BurstCompatibilityGen.dll not valid. Loading of assembly skipped.
Assembly Unity.Collections.DocCodeSamples.dll at Library/ScriptAssemblies/Unity.Collections.DocCodeSamples.dll not valid. Loading of assembly skipped.
Assembly Unity.Collections.PerformanceTests.dll at Library/ScriptAssemblies/Unity.Collections.PerformanceTests.dll not valid. Loading of assembly skipped.
Assembly Unity.Collections.Tests.dll at Library/ScriptAssemblies/Unity.Collections.Tests.dll not valid. Loading of assembly skipped.
Assembly Unity.Collections.Tests.Playmode.dll at Library/ScriptAssemblies/Unity.Collections.Tests.Playmode.dll not valid. Loading of assembly skipped.
Assembly Unity.InputSystem.IntegrationTests.dll at Library/ScriptAssemblies/Unity.InputSystem.IntegrationTests.dll not valid. Loading of assembly skipped.
Assembly Unity.Mathematics.Tests.dll at Library/ScriptAssemblies/Unity.Mathematics.Tests.dll not valid. Loading of assembly skipped.
Assembly Unity.Multiplayer.Center.Editor.Tests.dll at Library/ScriptAssemblies/Unity.Multiplayer.Center.Editor.Tests.dll not valid. Loading of assembly skipped.
Assembly Unity.Multiplayer.Center.Tests.dll at Library/ScriptAssemblies/Unity.Multiplayer.Center.Tests.dll not valid. Loading of assembly skipped.
Assembly Unity.Nuget.Mono-Cecil.dll at Library/ScriptAssemblies/Unity.Nuget.Mono-Cecil.dll not valid. Loading of assembly skipped.
Assembly Unity.TextMeshPro.Editor.Tests.dll at Library/ScriptAssemblies/Unity.TextMeshPro.Editor.Tests.dll not valid. Loading of assembly skipped.
Assembly Unity.TextMeshPro.Tests.dll at Library/ScriptAssemblies/Unity.TextMeshPro.Tests.dll not valid. Loading of assembly skipped.
Assembly UnityEditor.UI.Common.Tests.dll at Library/ScriptAssemblies/UnityEditor.UI.Common.Tests.dll not valid. Loading of assembly skipped.
Assembly UnityEditor.UI.EditorTests.dll at Library/ScriptAssemblies/UnityEditor.UI.EditorTests.dll not valid. Loading of assembly skipped.
Assembly UnityEngine.UI.Tests.dll at Library/ScriptAssemblies/UnityEngine.UI.Tests.dll not valid. Loading of assembly skipped.
Symbol file LoadedFromMemory is not a mono symbol file
Refreshing native plugins compatible for Editor in 7.28 ms, found 4 plugins.
Native extension for WindowsStandalone target not found
[Package Manager] Failed to launch server process. Reason: Unity was launched with the -noUpm command-line argument
[Package Manager] Unable to send message (not connected to server process).
[Package Manager] Cannot connect to Unity Package Manager local server
[Package Manager] Failed to launch server process. Reason: Unity was launched with the -noUpm command-line argument
[Package Manager] Unable to send message (not connected to server process).
[Package Manager] Cannot connect to Unity Package Manager local server
ScheduleIndexationOnStartup MainProcess:False IndexOnStartup:True
Mono: successfully reloaded assembly
- Finished resetting the current domain, in  4.291 seconds
Domain Reload Profiling: 6594ms
	BeginReloadAssembly (918ms)
		DisableScriptedObjects (52ms)
		CreateAndSetChildDomain (121ms)
	RebuildCommonClasses (124ms)
	RebuildNativeTypeToScriptingClass (30ms)
	initialDomainReloadingComplete (161ms)
	LoadAllAssembliesAndSetupDomain (1069ms)
		LoadAssemblies (1224ms)
		AnalyzeDomain (434ms)
			TypeCache.Refresh (18ms)
			BuildScriptInfoCaches (397ms)
			ResolveRequiredComponents (17ms)
	FinalizeReload (4292ms)
		SetupLoadedEditorAssemblies (0ms)
			InitializePlatformSupportModulesInManaged (5ms)
			BeforeProcessingInitializeOnLoad (397ms)
			ProcessInitializeOnLoadAttributes (3281ms)
			ProcessInitializeOnLoadMethodAttributes (169ms)
			AfterProcessingInitializeOnLoad (19ms)
		AwakeInstancesAfterBackupRestoration (16ms)
Refreshing native plugins compatible for Editor in 6.42 ms, found 4 plugins.
Unloading 0 Unused Serialized files (Serialized files now loaded: 0)
Unloading 5283 unused Assets / (2.2 MB). Loaded Objects now: 5918.
Memory consumption went from 123.0 MB to 120.8 MB.
Total: 20.431200 ms (FindLiveObjects: 1.232100 ms CreateObjectMapping: 1.061500 ms MarkObjects: 14.906400 ms  DeleteObjects: 3.229100 ms)

Prepare: number of updated asset objects reloaded= 0
========================================================================
Received Prepare
Begin MonoManager ReloadAssembly
[Licensing::Client] Successfully resolved entitlement details
Assembly Assembly-CSharp-Editor-firstpass.dll at Library/ScriptAssemblies/Assembly-CSharp-Editor-firstpass.dll not valid. Loading of assembly skipped.
Assembly Assembly-CSharp-Editor.dll at Library/ScriptAssemblies/Assembly-CSharp-Editor.dll not valid. Loading of assembly skipped.
Assembly Assembly-CSharp-firstpass.dll at Library/ScriptAssemblies/Assembly-CSharp-firstpass.dll not valid. Loading of assembly skipped.
Assembly DocCodeExamples.dll at Library/ScriptAssemblies/DocCodeExamples.dll not valid. Loading of assembly skipped.
Assembly TestNewCustomAssembly.dll at Library/ScriptAssemblies/TestNewCustomAssembly.dll not valid. Loading of assembly skipped.
Assembly Unity.2D.Animation.EditorTests.dll at Library/ScriptAssemblies/Unity.2D.Animation.EditorTests.dll not valid. Loading of assembly skipped.
Assembly Unity.2D.Aseprite.EditorTests.dll at Library/ScriptAssemblies/Unity.2D.Aseprite.EditorTests.dll not valid. Loading of assembly skipped.
Assembly Unity.2D.Common.EditorTests.dll at Library/ScriptAssemblies/Unity.2D.Common.EditorTests.dll not valid. Loading of assembly skipped.
Assembly Unity.2D.PixelPerfect.Editor.Tests.dll at Library/ScriptAssemblies/Unity.2D.PixelPerfect.Editor.Tests.dll not valid. Loading of assembly skipped.
Assembly Unity.2D.Psdimporter.EditorTests.dll at Library/ScriptAssemblies/Unity.2D.Psdimporter.EditorTests.dll not valid. Loading of assembly skipped.
Assembly Unity.2D.Sprite.Package.EditorTests.dll at Library/ScriptAssemblies/Unity.2D.Sprite.Package.EditorTests.dll not valid. Loading of assembly skipped.
Assembly Unity.2D.SpriteShape.EditorTests.dll at Library/ScriptAssemblies/Unity.2D.SpriteShape.EditorTests.dll not valid. Loading of assembly skipped.
Assembly Unity.2D.Tilemap.Package.EditorTests.dll at Library/ScriptAssemblies/Unity.2D.Tilemap.Package.EditorTests.dll not valid. Loading of assembly skipped.
Assembly Unity.Collections.BurstCompatibilityGen.dll at Library/ScriptAssemblies/Unity.Collections.BurstCompatibilityGen.dll not valid. Loading of assembly skipped.
Assembly Unity.Collections.DocCodeSamples.dll at Library/ScriptAssemblies/Unity.Collections.DocCodeSamples.dll not valid. Loading of assembly skipped.
Assembly Unity.Collections.PerformanceTests.dll at Library/ScriptAssemblies/Unity.Collections.PerformanceTests.dll not valid. Loading of assembly skipped.
Assembly Unity.Collections.Tests.dll at Library/ScriptAssemblies/Unity.Collections.Tests.dll not valid. Loading of assembly skipped.
Assembly Unity.Collections.Tests.Playmode.dll at Library/ScriptAssemblies/Unity.Collections.Tests.Playmode.dll not valid. Loading of assembly skipped.
Assembly Unity.InputSystem.IntegrationTests.dll at Library/ScriptAssemblies/Unity.InputSystem.IntegrationTests.dll not valid. Loading of assembly skipped.
Assembly Unity.Mathematics.Tests.dll at Library/ScriptAssemblies/Unity.Mathematics.Tests.dll not valid. Loading of assembly skipped.
Assembly Unity.Multiplayer.Center.Editor.Tests.dll at Library/ScriptAssemblies/Unity.Multiplayer.Center.Editor.Tests.dll not valid. Loading of assembly skipped.
Assembly Unity.Multiplayer.Center.Tests.dll at Library/ScriptAssemblies/Unity.Multiplayer.Center.Tests.dll not valid. Loading of assembly skipped.
Assembly Unity.Nuget.Mono-Cecil.dll at Library/ScriptAssemblies/Unity.Nuget.Mono-Cecil.dll not valid. Loading of assembly skipped.
Assembly Unity.TextMeshPro.Editor.Tests.dll at Library/ScriptAssemblies/Unity.TextMeshPro.Editor.Tests.dll not valid. Loading of assembly skipped.
Assembly Unity.TextMeshPro.Tests.dll at Library/ScriptAssemblies/Unity.TextMeshPro.Tests.dll not valid. Loading of assembly skipped.
Assembly UnityEditor.UI.Common.Tests.dll at Library/ScriptAssemblies/UnityEditor.UI.Common.Tests.dll not valid. Loading of assembly skipped.
Assembly UnityEditor.UI.EditorTests.dll at Library/ScriptAssemblies/UnityEditor.UI.EditorTests.dll not valid. Loading of assembly skipped.
Assembly UnityEngine.UI.Tests.dll at Library/ScriptAssemblies/UnityEngine.UI.Tests.dll not valid. Loading of assembly skipped.
Symbol file LoadedFromMemory is not a mono symbol file
Refreshing native plugins compatible for Editor in 15.00 ms, found 4 plugins.
Native extension for WindowsStandalone target not found
[Package Manager] Failed to launch server process. Reason: Unity was launched with the -noUpm command-line argument
[Package Manager] Unable to send message (not connected to server process).
[Package Manager] Cannot connect to Unity Package Manager local server
[Package Manager] Failed to launch server process. Reason: Unity was launched with the -noUpm command-line argument
[Package Manager] Unable to send message (not connected to server process).
[Package Manager] Cannot connect to Unity Package Manager local server
ScheduleIndexationOnStartup MainProcess:False IndexOnStartup:True
Mono: successfully reloaded assembly
- Finished resetting the current domain, in  4.712 seconds
Domain Reload Profiling: 6681ms
	BeginReloadAssembly (564ms)
		DisableScriptedObjects (43ms)
		CreateAndSetChildDomain (124ms)
	RebuildCommonClasses (73ms)
	RebuildNativeTypeToScriptingClass (33ms)
	initialDomainReloadingComplete (161ms)
	LoadAllAssembliesAndSetupDomain (1137ms)
		LoadAssemblies (861ms)
		AnalyzeDomain (517ms)
			TypeCache.Refresh (14ms)
			BuildScriptInfoCaches (463ms)
			ResolveRequiredComponents (31ms)
	FinalizeReload (4713ms)
		SetupLoadedEditorAssemblies (0ms)
			InitializePlatformSupportModulesInManaged (5ms)
			BeforeProcessingInitializeOnLoad (465ms)
			ProcessInitializeOnLoadAttributes (3211ms)
			ProcessInitializeOnLoadMethodAttributes (211ms)
			AfterProcessingInitializeOnLoad (29ms)
		AwakeInstancesAfterBackupRestoration (23ms)
Refreshing native plugins compatible for Editor in 6.75 ms, found 4 plugins.
Unloading 0 Unused Serialized files (Serialized files now loaded: 0)
Unloading 5283 unused Assets / (1.8 MB). Loaded Objects now: 5922.
Memory consumption went from 123.7 MB to 121.9 MB.
Total: 19.152600 ms (FindLiveObjects: 1.339300 ms CreateObjectMapping: 1.463400 ms MarkObjects: 12.882300 ms  DeleteObjects: 3.465000 ms)

Prepare: number of updated asset objects reloaded= 0
========================================================================
Received Prepare
Refreshing native plugins compatible for Editor in 9.61 ms, found 4 plugins.
Unloading 0 Unused Serialized files (Serialized files now loaded: 0)
Unloading 5273 unused Assets / (1.2 MB). Loaded Objects now: 5922.
Memory consumption went from 124.5 MB to 123.4 MB.
Total: 38.385000 ms (FindLiveObjects: 1.527000 ms CreateObjectMapping: 2.714900 ms MarkObjects: 28.776700 ms  DeleteObjects: 5.363700 ms)

Prepare: number of updated asset objects reloaded= 0
========================================================================
Received Prepare
Begin MonoManager ReloadAssembly
[Licensing::Client] Successfully resolved entitlement details
Assembly Assembly-CSharp-Editor-firstpass.dll at Library/ScriptAssemblies/Assembly-CSharp-Editor-firstpass.dll not valid. Loading of assembly skipped.
Assembly Assembly-CSharp-Editor.dll at Library/ScriptAssemblies/Assembly-CSharp-Editor.dll not valid. Loading of assembly skipped.
Assembly Assembly-CSharp-firstpass.dll at Library/ScriptAssemblies/Assembly-CSharp-firstpass.dll not valid. Loading of assembly skipped.
Assembly DocCodeExamples.dll at Library/ScriptAssemblies/DocCodeExamples.dll not valid. Loading of assembly skipped.
Assembly TestNewCustomAssembly.dll at Library/ScriptAssemblies/TestNewCustomAssembly.dll not valid. Loading of assembly skipped.
Assembly Unity.2D.Animation.EditorTests.dll at Library/ScriptAssemblies/Unity.2D.Animation.EditorTests.dll not valid. Loading of assembly skipped.
Assembly Unity.2D.Aseprite.EditorTests.dll at Library/ScriptAssemblies/Unity.2D.Aseprite.EditorTests.dll not valid. Loading of assembly skipped.
Assembly Unity.2D.Common.EditorTests.dll at Library/ScriptAssemblies/Unity.2D.Common.EditorTests.dll not valid. Loading of assembly skipped.
Assembly Unity.2D.PixelPerfect.Editor.Tests.dll at Library/ScriptAssemblies/Unity.2D.PixelPerfect.Editor.Tests.dll not valid. Loading of assembly skipped.
Assembly Unity.2D.Psdimporter.EditorTests.dll at Library/ScriptAssemblies/Unity.2D.Psdimporter.EditorTests.dll not valid. Loading of assembly skipped.
Assembly Unity.2D.Sprite.Package.EditorTests.dll at Library/ScriptAssemblies/Unity.2D.Sprite.Package.EditorTests.dll not valid. Loading of assembly skipped.
Assembly Unity.2D.SpriteShape.EditorTests.dll at Library/ScriptAssemblies/Unity.2D.SpriteShape.EditorTests.dll not valid. Loading of assembly skipped.
Assembly Unity.2D.Tilemap.Package.EditorTests.dll at Library/ScriptAssemblies/Unity.2D.Tilemap.Package.EditorTests.dll not valid. Loading of assembly skipped.
Assembly Unity.Collections.BurstCompatibilityGen.dll at Library/ScriptAssemblies/Unity.Collections.BurstCompatibilityGen.dll not valid. Loading of assembly skipped.
Assembly Unity.Collections.DocCodeSamples.dll at Library/ScriptAssemblies/Unity.Collections.DocCodeSamples.dll not valid. Loading of assembly skipped.
Assembly Unity.Collections.PerformanceTests.dll at Library/ScriptAssemblies/Unity.Collections.PerformanceTests.dll not valid. Loading of assembly skipped.
Assembly Unity.Collections.Tests.dll at Library/ScriptAssemblies/Unity.Collections.Tests.dll not valid. Loading of assembly skipped.
Assembly Unity.Collections.Tests.Playmode.dll at Library/ScriptAssemblies/Unity.Collections.Tests.Playmode.dll not valid. Loading of assembly skipped.
Assembly Unity.InputSystem.IntegrationTests.dll at Library/ScriptAssemblies/Unity.InputSystem.IntegrationTests.dll not valid. Loading of assembly skipped.
Assembly Unity.Mathematics.Tests.dll at Library/ScriptAssemblies/Unity.Mathematics.Tests.dll not valid. Loading of assembly skipped.
Assembly Unity.Multiplayer.Center.Editor.Tests.dll at Library/ScriptAssemblies/Unity.Multiplayer.Center.Editor.Tests.dll not valid. Loading of assembly skipped.
Assembly Unity.Multiplayer.Center.Tests.dll at Library/ScriptAssemblies/Unity.Multiplayer.Center.Tests.dll not valid. Loading of assembly skipped.
Assembly Unity.Nuget.Mono-Cecil.dll at Library/ScriptAssemblies/Unity.Nuget.Mono-Cecil.dll not valid. Loading of assembly skipped.
Assembly Unity.TextMeshPro.Editor.Tests.dll at Library/ScriptAssemblies/Unity.TextMeshPro.Editor.Tests.dll not valid. Loading of assembly skipped.
Assembly Unity.TextMeshPro.Tests.dll at Library/ScriptAssemblies/Unity.TextMeshPro.Tests.dll not valid. Loading of assembly skipped.
Assembly UnityEditor.UI.Common.Tests.dll at Library/ScriptAssemblies/UnityEditor.UI.Common.Tests.dll not valid. Loading of assembly skipped.
Assembly UnityEditor.UI.EditorTests.dll at Library/ScriptAssemblies/UnityEditor.UI.EditorTests.dll not valid. Loading of assembly skipped.
Assembly UnityEngine.UI.Tests.dll at Library/ScriptAssemblies/UnityEngine.UI.Tests.dll not valid. Loading of assembly skipped.
Symbol file LoadedFromMemory is not a mono symbol file
Refreshing native plugins compatible for Editor in 6.42 ms, found 4 plugins.
Native extension for WindowsStandalone target not found
[Package Manager] Failed to launch server process. Reason: Unity was launched with the -noUpm command-line argument
[Package Manager] Unable to send message (not connected to server process).
[Package Manager] Cannot connect to Unity Package Manager local server
[Package Manager] Failed to launch server process. Reason: Unity was launched with the -noUpm command-line argument
[Package Manager] Unable to send message (not connected to server process).
[Package Manager] Cannot connect to Unity Package Manager local server
ScheduleIndexationOnStartup MainProcess:False IndexOnStartup:True
Mono: successfully reloaded assembly
- Finished resetting the current domain, in  4.551 seconds
Domain Reload Profiling: 6694ms
	BeginReloadAssembly (814ms)
		DisableScriptedObjects (42ms)
		CreateAndSetChildDomain (189ms)
	RebuildCommonClasses (90ms)
	RebuildNativeTypeToScriptingClass (41ms)
	initialDomainReloadingComplete (160ms)
	LoadAllAssembliesAndSetupDomain (1037ms)
		LoadAssemblies (1032ms)
		AnalyzeDomain (427ms)
			TypeCache.Refresh (16ms)
			BuildScriptInfoCaches (391ms)
			ResolveRequiredComponents (15ms)
	FinalizeReload (4552ms)
		SetupLoadedEditorAssemblies (0ms)
			InitializePlatformSupportModulesInManaged (5ms)
			BeforeProcessingInitializeOnLoad (402ms)
			ProcessInitializeOnLoadAttributes (3477ms)
			ProcessInitializeOnLoadMethodAttributes (216ms)
			AfterProcessingInitializeOnLoad (23ms)
		AwakeInstancesAfterBackupRestoration (20ms)
Refreshing native plugins compatible for Editor in 8.76 ms, found 4 plugins.
Unloading 0 Unused Serialized files (Serialized files now loaded: 0)
Unloading 5283 unused Assets / (1.7 MB). Loaded Objects now: 5926.
Memory consumption went from 125.1 MB to 123.4 MB.
Total: 20.276100 ms (FindLiveObjects: 1.358200 ms CreateObjectMapping: 2.289900 ms MarkObjects: 14.227600 ms  DeleteObjects: 2.397900 ms)

Prepare: number of updated asset objects reloaded= 0
========================================================================
Received Prepare
Begin MonoManager ReloadAssembly
[Licensing::Client] Successfully resolved entitlement details
Assembly Assembly-CSharp-Editor-firstpass.dll at Library/ScriptAssemblies/Assembly-CSharp-Editor-firstpass.dll not valid. Loading of assembly skipped.
Assembly Assembly-CSharp-Editor.dll at Library/ScriptAssemblies/Assembly-CSharp-Editor.dll not valid. Loading of assembly skipped.
Assembly Assembly-CSharp-firstpass.dll at Library/ScriptAssemblies/Assembly-CSharp-firstpass.dll not valid. Loading of assembly skipped.
Assembly DocCodeExamples.dll at Library/ScriptAssemblies/DocCodeExamples.dll not valid. Loading of assembly skipped.
Assembly TestNewCustomAssembly.dll at Library/ScriptAssemblies/TestNewCustomAssembly.dll not valid. Loading of assembly skipped.
Assembly Unity.2D.Animation.EditorTests.dll at Library/ScriptAssemblies/Unity.2D.Animation.EditorTests.dll not valid. Loading of assembly skipped.
Assembly Unity.2D.Aseprite.EditorTests.dll at Library/ScriptAssemblies/Unity.2D.Aseprite.EditorTests.dll not valid. Loading of assembly skipped.
Assembly Unity.2D.Common.EditorTests.dll at Library/ScriptAssemblies/Unity.2D.Common.EditorTests.dll not valid. Loading of assembly skipped.
Assembly Unity.2D.PixelPerfect.Editor.Tests.dll at Library/ScriptAssemblies/Unity.2D.PixelPerfect.Editor.Tests.dll not valid. Loading of assembly skipped.
Assembly Unity.2D.Psdimporter.EditorTests.dll at Library/ScriptAssemblies/Unity.2D.Psdimporter.EditorTests.dll not valid. Loading of assembly skipped.
Assembly Unity.2D.Sprite.Package.EditorTests.dll at Library/ScriptAssemblies/Unity.2D.Sprite.Package.EditorTests.dll not valid. Loading of assembly skipped.
Assembly Unity.2D.SpriteShape.EditorTests.dll at Library/ScriptAssemblies/Unity.2D.SpriteShape.EditorTests.dll not valid. Loading of assembly skipped.
Assembly Unity.2D.Tilemap.Package.EditorTests.dll at Library/ScriptAssemblies/Unity.2D.Tilemap.Package.EditorTests.dll not valid. Loading of assembly skipped.
Assembly Unity.Collections.BurstCompatibilityGen.dll at Library/ScriptAssemblies/Unity.Collections.BurstCompatibilityGen.dll not valid. Loading of assembly skipped.
Assembly Unity.Collections.DocCodeSamples.dll at Library/ScriptAssemblies/Unity.Collections.DocCodeSamples.dll not valid. Loading of assembly skipped.
Assembly Unity.Collections.PerformanceTests.dll at Library/ScriptAssemblies/Unity.Collections.PerformanceTests.dll not valid. Loading of assembly skipped.
Assembly Unity.Collections.Tests.dll at Library/ScriptAssemblies/Unity.Collections.Tests.dll not valid. Loading of assembly skipped.
Assembly Unity.Collections.Tests.Playmode.dll at Library/ScriptAssemblies/Unity.Collections.Tests.Playmode.dll not valid. Loading of assembly skipped.
Assembly Unity.InputSystem.IntegrationTests.dll at Library/ScriptAssemblies/Unity.InputSystem.IntegrationTests.dll not valid. Loading of assembly skipped.
Assembly Unity.Mathematics.Tests.dll at Library/ScriptAssemblies/Unity.Mathematics.Tests.dll not valid. Loading of assembly skipped.
Assembly Unity.Multiplayer.Center.Editor.Tests.dll at Library/ScriptAssemblies/Unity.Multiplayer.Center.Editor.Tests.dll not valid. Loading of assembly skipped.
Assembly Unity.Multiplayer.Center.Tests.dll at Library/ScriptAssemblies/Unity.Multiplayer.Center.Tests.dll not valid. Loading of assembly skipped.
Assembly Unity.Nuget.Mono-Cecil.dll at Library/ScriptAssemblies/Unity.Nuget.Mono-Cecil.dll not valid. Loading of assembly skipped.
Assembly Unity.TextMeshPro.Editor.Tests.dll at Library/ScriptAssemblies/Unity.TextMeshPro.Editor.Tests.dll not valid. Loading of assembly skipped.
Assembly Unity.TextMeshPro.Tests.dll at Library/ScriptAssemblies/Unity.TextMeshPro.Tests.dll not valid. Loading of assembly skipped.
Assembly UnityEditor.UI.Common.Tests.dll at Library/ScriptAssemblies/UnityEditor.UI.Common.Tests.dll not valid. Loading of assembly skipped.
Assembly UnityEditor.UI.EditorTests.dll at Library/ScriptAssemblies/UnityEditor.UI.EditorTests.dll not valid. Loading of assembly skipped.
Assembly UnityEngine.UI.Tests.dll at Library/ScriptAssemblies/UnityEngine.UI.Tests.dll not valid. Loading of assembly skipped.
Symbol file LoadedFromMemory is not a mono symbol file
Refreshing native plugins compatible for Editor in 8.89 ms, found 4 plugins.
Native extension for WindowsStandalone target not found
[Package Manager] Failed to launch server process. Reason: Unity was launched with the -noUpm command-line argument
[Package Manager] Unable to send message (not connected to server process).
[Package Manager] Cannot connect to Unity Package Manager local server
[Package Manager] Failed to launch server process. Reason: Unity was launched with the -noUpm command-line argument
[Package Manager] Unable to send message (not connected to server process).
[Package Manager] Cannot connect to Unity Package Manager local server
ScheduleIndexationOnStartup MainProcess:False IndexOnStartup:True
Mono: successfully reloaded assembly
- Finished resetting the current domain, in  6.065 seconds
Domain Reload Profiling: 8829ms
	BeginReloadAssembly (723ms)
		DisableScriptedObjects (46ms)
		CreateAndSetChildDomain (176ms)
	RebuildCommonClasses (173ms)
	RebuildNativeTypeToScriptingClass (44ms)
	initialDomainReloadingComplete (268ms)
	LoadAllAssembliesAndSetupDomain (1554ms)
		LoadAssemblies (1372ms)
		AnalyzeDomain (525ms)
			TypeCache.Refresh (17ms)
			BuildScriptInfoCaches (484ms)
			ResolveRequiredComponents (19ms)
	FinalizeReload (6067ms)
		SetupLoadedEditorAssemblies (0ms)
			InitializePlatformSupportModulesInManaged (8ms)
			BeforeProcessingInitializeOnLoad (526ms)
			ProcessInitializeOnLoadAttributes (4748ms)
			ProcessInitializeOnLoadMethodAttributes (276ms)
			AfterProcessingInitializeOnLoad (28ms)
		AwakeInstancesAfterBackupRestoration (22ms)
Refreshing native plugins compatible for Editor in 7.31 ms, found 4 plugins.
Unloading 0 Unused Serialized files (Serialized files now loaded: 0)
Unloading 5283 unused Assets / (1.4 MB). Loaded Objects now: 5930.
Memory consumption went from 125.8 MB to 124.4 MB.
Total: 23.213600 ms (FindLiveObjects: 1.735700 ms CreateObjectMapping: 3.502100 ms MarkObjects: 15.123600 ms  DeleteObjects: 2.849800 ms)

Prepare: number of updated asset objects reloaded= 0
========================================================================
Received Prepare
Begin MonoManager ReloadAssembly
[Licensing::Client] Successfully resolved entitlement details
Assembly Assembly-CSharp-Editor-firstpass.dll at Library/ScriptAssemblies/Assembly-CSharp-Editor-firstpass.dll not valid. Loading of assembly skipped.
Assembly Assembly-CSharp-Editor.dll at Library/ScriptAssemblies/Assembly-CSharp-Editor.dll not valid. Loading of assembly skipped.
Assembly Assembly-CSharp-firstpass.dll at Library/ScriptAssemblies/Assembly-CSharp-firstpass.dll not valid. Loading of assembly skipped.
Assembly DocCodeExamples.dll at Library/ScriptAssemblies/DocCodeExamples.dll not valid. Loading of assembly skipped.
Assembly TestNewCustomAssembly.dll at Library/ScriptAssemblies/TestNewCustomAssembly.dll not valid. Loading of assembly skipped.
Assembly Unity.2D.Animation.EditorTests.dll at Library/ScriptAssemblies/Unity.2D.Animation.EditorTests.dll not valid. Loading of assembly skipped.
Assembly Unity.2D.Aseprite.EditorTests.dll at Library/ScriptAssemblies/Unity.2D.Aseprite.EditorTests.dll not valid. Loading of assembly skipped.
Assembly Unity.2D.Common.EditorTests.dll at Library/ScriptAssemblies/Unity.2D.Common.EditorTests.dll not valid. Loading of assembly skipped.
Assembly Unity.2D.PixelPerfect.Editor.Tests.dll at Library/ScriptAssemblies/Unity.2D.PixelPerfect.Editor.Tests.dll not valid. Loading of assembly skipped.
Assembly Unity.2D.Psdimporter.EditorTests.dll at Library/ScriptAssemblies/Unity.2D.Psdimporter.EditorTests.dll not valid. Loading of assembly skipped.
Assembly Unity.2D.Sprite.Package.EditorTests.dll at Library/ScriptAssemblies/Unity.2D.Sprite.Package.EditorTests.dll not valid. Loading of assembly skipped.
Assembly Unity.2D.SpriteShape.EditorTests.dll at Library/ScriptAssemblies/Unity.2D.SpriteShape.EditorTests.dll not valid. Loading of assembly skipped.
Assembly Unity.2D.Tilemap.Package.EditorTests.dll at Library/ScriptAssemblies/Unity.2D.Tilemap.Package.EditorTests.dll not valid. Loading of assembly skipped.
Assembly Unity.Collections.BurstCompatibilityGen.dll at Library/ScriptAssemblies/Unity.Collections.BurstCompatibilityGen.dll not valid. Loading of assembly skipped.
Assembly Unity.Collections.DocCodeSamples.dll at Library/ScriptAssemblies/Unity.Collections.DocCodeSamples.dll not valid. Loading of assembly skipped.
Assembly Unity.Collections.PerformanceTests.dll at Library/ScriptAssemblies/Unity.Collections.PerformanceTests.dll not valid. Loading of assembly skipped.
Assembly Unity.Collections.Tests.dll at Library/ScriptAssemblies/Unity.Collections.Tests.dll not valid. Loading of assembly skipped.
Assembly Unity.Collections.Tests.Playmode.dll at Library/ScriptAssemblies/Unity.Collections.Tests.Playmode.dll not valid. Loading of assembly skipped.
Assembly Unity.InputSystem.IntegrationTests.dll at Library/ScriptAssemblies/Unity.InputSystem.IntegrationTests.dll not valid. Loading of assembly skipped.
Assembly Unity.Mathematics.Tests.dll at Library/ScriptAssemblies/Unity.Mathematics.Tests.dll not valid. Loading of assembly skipped.
Assembly Unity.Multiplayer.Center.Editor.Tests.dll at Library/ScriptAssemblies/Unity.Multiplayer.Center.Editor.Tests.dll not valid. Loading of assembly skipped.
Assembly Unity.Multiplayer.Center.Tests.dll at Library/ScriptAssemblies/Unity.Multiplayer.Center.Tests.dll not valid. Loading of assembly skipped.
Assembly Unity.Nuget.Mono-Cecil.dll at Library/ScriptAssemblies/Unity.Nuget.Mono-Cecil.dll not valid. Loading of assembly skipped.
Assembly Unity.TextMeshPro.Editor.Tests.dll at Library/ScriptAssemblies/Unity.TextMeshPro.Editor.Tests.dll not valid. Loading of assembly skipped.
Assembly Unity.TextMeshPro.Tests.dll at Library/ScriptAssemblies/Unity.TextMeshPro.Tests.dll not valid. Loading of assembly skipped.
Assembly UnityEditor.UI.Common.Tests.dll at Library/ScriptAssemblies/UnityEditor.UI.Common.Tests.dll not valid. Loading of assembly skipped.
Assembly UnityEditor.UI.EditorTests.dll at Library/ScriptAssemblies/UnityEditor.UI.EditorTests.dll not valid. Loading of assembly skipped.
Assembly UnityEngine.UI.Tests.dll at Library/ScriptAssemblies/UnityEngine.UI.Tests.dll not valid. Loading of assembly skipped.
Symbol file LoadedFromMemory is not a mono symbol file
Refreshing native plugins compatible for Editor in 8.13 ms, found 4 plugins.
Native extension for WindowsStandalone target not found
[Package Manager] Failed to launch server process. Reason: Unity was launched with the -noUpm command-line argument
[Package Manager] Unable to send message (not connected to server process).
[Package Manager] Cannot connect to Unity Package Manager local server
[Package Manager] Failed to launch server process. Reason: Unity was launched with the -noUpm command-line argument
[Package Manager] Unable to send message (not connected to server process).
[Package Manager] Cannot connect to Unity Package Manager local server
ScheduleIndexationOnStartup MainProcess:False IndexOnStartup:True
Mono: successfully reloaded assembly
- Finished resetting the current domain, in  4.880 seconds
Domain Reload Profiling: 7248ms
	BeginReloadAssembly (900ms)
		DisableScriptedObjects (68ms)
		CreateAndSetChildDomain (220ms)
	RebuildCommonClasses (191ms)
	RebuildNativeTypeToScriptingClass (88ms)
	initialDomainReloadingComplete (225ms)
	LoadAllAssembliesAndSetupDomain (963ms)
		LoadAssemblies (896ms)
		AnalyzeDomain (376ms)
			TypeCache.Refresh (16ms)
			BuildScriptInfoCaches (341ms)
			ResolveRequiredComponents (16ms)
	FinalizeReload (4881ms)
		SetupLoadedEditorAssemblies (0ms)
			InitializePlatformSupportModulesInManaged (4ms)
			BeforeProcessingInitializeOnLoad (370ms)
			ProcessInitializeOnLoadAttributes (3944ms)
			ProcessInitializeOnLoadMethodAttributes (187ms)
			AfterProcessingInitializeOnLoad (18ms)
		AwakeInstancesAfterBackupRestoration (16ms)
Refreshing native plugins compatible for Editor in 6.60 ms, found 4 plugins.
Unloading 0 Unused Serialized files (Serialized files now loaded: 0)
Unloading 5283 unused Assets / (1.8 MB). Loaded Objects now: 5934.
Memory consumption went from 126.5 MB to 124.8 MB.
Total: 18.426000 ms (FindLiveObjects: 1.157800 ms CreateObjectMapping: 1.114800 ms MarkObjects: 12.897800 ms  DeleteObjects: 3.253200 ms)

Prepare: number of updated asset objects reloaded= 0
========================================================================
Received Prepare
Begin MonoManager ReloadAssembly
Assembly Assembly-CSharp-Editor-firstpass.dll at Library/ScriptAssemblies/Assembly-CSharp-Editor-firstpass.dll not valid. Loading of assembly skipped.
Assembly Assembly-CSharp-Editor.dll at Library/ScriptAssemblies/Assembly-CSharp-Editor.dll not valid. Loading of assembly skipped.
Assembly Assembly-CSharp-firstpass.dll at Library/ScriptAssemblies/Assembly-CSharp-firstpass.dll not valid. Loading of assembly skipped.
Assembly DocCodeExamples.dll at Library/ScriptAssemblies/DocCodeExamples.dll not valid. Loading of assembly skipped.
Assembly TestNewCustomAssembly.dll at Library/ScriptAssemblies/TestNewCustomAssembly.dll not valid. Loading of assembly skipped.
Assembly Unity.2D.Animation.EditorTests.dll at Library/ScriptAssemblies/Unity.2D.Animation.EditorTests.dll not valid. Loading of assembly skipped.
Assembly Unity.2D.Aseprite.EditorTests.dll at Library/ScriptAssemblies/Unity.2D.Aseprite.EditorTests.dll not valid. Loading of assembly skipped.
Assembly Unity.2D.Common.EditorTests.dll at Library/ScriptAssemblies/Unity.2D.Common.EditorTests.dll not valid. Loading of assembly skipped.
Assembly Unity.2D.PixelPerfect.Editor.Tests.dll at Library/ScriptAssemblies/Unity.2D.PixelPerfect.Editor.Tests.dll not valid. Loading of assembly skipped.
Assembly Unity.2D.Psdimporter.EditorTests.dll at Library/ScriptAssemblies/Unity.2D.Psdimporter.EditorTests.dll not valid. Loading of assembly skipped.
Assembly Unity.2D.Sprite.Package.EditorTests.dll at Library/ScriptAssemblies/Unity.2D.Sprite.Package.EditorTests.dll not valid. Loading of assembly skipped.
Assembly Unity.2D.SpriteShape.EditorTests.dll at Library/ScriptAssemblies/Unity.2D.SpriteShape.EditorTests.dll not valid. Loading of assembly skipped.
Assembly Unity.2D.Tilemap.Package.EditorTests.dll at Library/ScriptAssemblies/Unity.2D.Tilemap.Package.EditorTests.dll not valid. Loading of assembly skipped.
Assembly Unity.Collections.BurstCompatibilityGen.dll at Library/ScriptAssemblies/Unity.Collections.BurstCompatibilityGen.dll not valid. Loading of assembly skipped.
Assembly Unity.Collections.DocCodeSamples.dll at Library/ScriptAssemblies/Unity.Collections.DocCodeSamples.dll not valid. Loading of assembly skipped.
Assembly Unity.Collections.PerformanceTests.dll at Library/ScriptAssemblies/Unity.Collections.PerformanceTests.dll not valid. Loading of assembly skipped.
Assembly Unity.Collections.Tests.dll at Library/ScriptAssemblies/Unity.Collections.Tests.dll not valid. Loading of assembly skipped.
Assembly Unity.Collections.Tests.Playmode.dll at Library/ScriptAssemblies/Unity.Collections.Tests.Playmode.dll not valid. Loading of assembly skipped.
Assembly Unity.InputSystem.IntegrationTests.dll at Library/ScriptAssemblies/Unity.InputSystem.IntegrationTests.dll not valid. Loading of assembly skipped.
Assembly Unity.Mathematics.Tests.dll at Library/ScriptAssemblies/Unity.Mathematics.Tests.dll not valid. Loading of assembly skipped.
Assembly Unity.Multiplayer.Center.Editor.Tests.dll at Library/ScriptAssemblies/Unity.Multiplayer.Center.Editor.Tests.dll not valid. Loading of assembly skipped.
Assembly Unity.Multiplayer.Center.Tests.dll at Library/ScriptAssemblies/Unity.Multiplayer.Center.Tests.dll not valid. Loading of assembly skipped.
Assembly Unity.Nuget.Mono-Cecil.dll at Library/ScriptAssemblies/Unity.Nuget.Mono-Cecil.dll not valid. Loading of assembly skipped.
Assembly Unity.TextMeshPro.Editor.Tests.dll at Library/ScriptAssemblies/Unity.TextMeshPro.Editor.Tests.dll not valid. Loading of assembly skipped.
Assembly Unity.TextMeshPro.Tests.dll at Library/ScriptAssemblies/Unity.TextMeshPro.Tests.dll not valid. Loading of assembly skipped.
Assembly UnityEditor.UI.Common.Tests.dll at Library/ScriptAssemblies/UnityEditor.UI.Common.Tests.dll not valid. Loading of assembly skipped.
Assembly UnityEditor.UI.EditorTests.dll at Library/ScriptAssemblies/UnityEditor.UI.EditorTests.dll not valid. Loading of assembly skipped.
Assembly UnityEngine.UI.Tests.dll at Library/ScriptAssemblies/UnityEngine.UI.Tests.dll not valid. Loading of assembly skipped.
Symbol file LoadedFromMemory is not a mono symbol file
Refreshing native plugins compatible for Editor in 6.53 ms, found 4 plugins.
Native extension for WindowsStandalone target not found
[Package Manager] Failed to launch server process. Reason: Unity was launched with the -noUpm command-line argument
[Package Manager] Unable to send message (not connected to server process).
[Package Manager] Cannot connect to Unity Package Manager local server
[Package Manager] Failed to launch server process. Reason: Unity was launched with the -noUpm command-line argument
[Package Manager] Unable to send message (not connected to server process).
[Package Manager] Cannot connect to Unity Package Manager local server
ScheduleIndexationOnStartup MainProcess:False IndexOnStartup:True
Mono: successfully reloaded assembly
- Finished resetting the current domain, in  4.099 seconds
Domain Reload Profiling: 5940ms
	BeginReloadAssembly (488ms)
		DisableScriptedObjects (29ms)
		CreateAndSetChildDomain (130ms)
	RebuildCommonClasses (96ms)
	RebuildNativeTypeToScriptingClass (35ms)
	initialDomainReloadingComplete (173ms)
	LoadAllAssembliesAndSetupDomain (1048ms)
		LoadAssemblies (825ms)
		AnalyzeDomain (436ms)
			TypeCache.Refresh (13ms)
			BuildScriptInfoCaches (407ms)
			ResolveRequiredComponents (12ms)
	FinalizeReload (4100ms)
		SetupLoadedEditorAssemblies (0ms)
			InitializePlatformSupportModulesInManaged (5ms)
			BeforeProcessingInitializeOnLoad (397ms)
			ProcessInitializeOnLoadAttributes (3083ms)
			ProcessInitializeOnLoadMethodAttributes (205ms)
			AfterProcessingInitializeOnLoad (25ms)
		AwakeInstancesAfterBackupRestoration (18ms)
Refreshing native plugins compatible for Editor in 6.02 ms, found 4 plugins.
Unloading 0 Unused Serialized files (Serialized files now loaded: 0)
Unloading 5283 unused Assets / (1.2 MB). Loaded Objects now: 5938.
Memory consumption went from 127.2 MB to 126.0 MB.
Total: 16.627900 ms (FindLiveObjects: 0.852400 ms CreateObjectMapping: 1.420100 ms MarkObjects: 11.805300 ms  DeleteObjects: 2.547900 ms)

Prepare: number of updated asset objects reloaded= 0
