[Licensing::Module] Trying to connect to existing licensing client channel...
[Licensing::IpcConnector] Successfully connected to: "LicenseClient-ruha" at "2026-04-27T11:43:54.5075632Z"
Built from '6000.4/staging' branch; Version is '6000.4.1f1 (8535861f39e1) revision 8729990'; Using compiler version '194234433'; Build Type 'Release'
OS: 'Windows 11  (10.0.26200) ProfessionalWorkstation' Language: 'ru' Physical Memory: 16119 MB
BatchMode: 1, IsHumanControllingUs: 0, StartBugReporterOnCrash: 0, Is64bit: 1
System  architecture: x64
Process architecture: x64
Date: 2026-04-27T11:43:54Z

COMMAND LINE ARGUMENTS:
C:\Program Files\Unity\Hub\Editor\6000.4.1f1\Editor\Unity.exe
-adb2
-batchMode
-noUpm
-name
AssetImportWorker1
-projectPath
C:/Users/ruha/Game-Dev/Final
-logFile
Logs/AssetImportWorker1.log
-srvPort
61653
-licensingIpc
LicenseClient-ruha
-force-d3d12
-job-worker-count
7
-background-job-worker-count
8
-gc-helper-count
1
-name
AssetImport
Successfully changed project path to: C:/Users/ruha/Game-Dev/Final
C:/Users/ruha/Game-Dev/Final
[UnityMemory] Configuration Parameters - Can be set up in boot.config
    "memorysetup-temp-allocator-size-gi-baking-worker=262144"
    "memorysetup-temp-allocator-size-gi-baking-worker=262144"
    "memorysetup-temp-allocator-size-gi-baking-worker=262144"
    "memorysetup-temp-allocator-size-gi-baking-worker=262144"
    "memorysetup-temp-allocator-size-gi-baking-worker=262144"
    "memorysetup-temp-allocator-size-nav-mesh-worker=65536"
    "memorysetup-temp-allocator-size-audio-worker=65536"
    "memorysetup-temp-allocator-size-cloud-worker=32768"
    "memorysetup-temp-allocator-size-gfx=262144"
    "memorysetup-temp-allocator-size-preload-manager=33554432"
    "memorysetup-temp-allocator-size-job-worker=262144"
    "memorysetup-temp-allocator-size-background-worker=32768"
    "memorysetup-allocator-temp-initial-block-size-main=262144"
    "memorysetup-allocator-temp-initial-block-size-worker=262144"
    "memorysetup-bucket-allocator-granularity=16"
    "memorysetup-bucket-allocator-bucket-count=8"
    "memorysetup-bucket-allocator-block-size=33554432"
    "memorysetup-bucket-allocator-block-count=8"
    "memorysetup-main-allocator-block-size=16777216"
    "memorysetup-thread-allocator-block-size=16777216"
    "memorysetup-gfx-main-allocator-block-size=16777216"
    "memorysetup-gfx-thread-allocator-block-size=16777216"
    "memorysetup-cache-allocator-block-size=4194304"
    "memorysetup-typetree-allocator-block-size=2097152"
    "memorysetup-profiler-bucket-allocator-granularity=16"
    "memorysetup-profiler-bucket-allocator-bucket-count=8"
    "memorysetup-profiler-bucket-allocator-block-size=33554432"
    "memorysetup-profiler-bucket-allocator-block-count=8"
    "memorysetup-profiler-allocator-block-size=16777216"
    "memorysetup-profiler-editor-allocator-block-size=1048576"
    "memorysetup-temp-allocator-size-main=16777216"
    "memorysetup-job-temp-allocator-block-size=2097152"
    "memorysetup-job-temp-allocator-block-size-background=1048576"
    "memorysetup-job-temp-allocator-reduction-small-platforms=262144"
Player connection [16388]  Target information:

Player connection [16388]  * "[IP] 26.243.5.47 [Port] 0 [Flags] 2 [Guid] 4055306154 [EditorId] 4055306154 [Version] 1048832 [Id] WindowsEditor(7,DESKTOP-BO6VV5B) [Debug] 1 [PackageName] WindowsEditor [ProjectName] Editor" 

Player connection [16388]  * "[IP] 10.211.100.1 [Port] 0 [Flags] 2 [Guid] 4055306154 [EditorId] 4055306154 [Version] 1048832 [Id] WindowsEditor(7,DESKTOP-BO6VV5B) [Debug] 1 [PackageName] WindowsEditor [ProjectName] Editor" 

Player connection [16388] Host joined multi-casting on [225.0.0.222:54997]...
Player connection [16388] Host joined alternative multi-casting on [225.0.0.222:34997]...
JobSystem: Creating JobQueue using job-worker-count value 7
Input System module state changed to: Initialized.
[Physics::Module] Initialized fallback backend.
[Physics::Module] Id: 0xdecafbad
Library Redirect Path: Library/
[Physics::Module] Selected backend.
[Physics::Module] Name: PhysX
[Physics::Module] Id: 0xf2b8ea05
[Physics::Module] SDK Version: 4.1.2
[Physics::Module] Integration Version: 1.0.0
[Physics::Module] Threading Mode: Multi-Threaded
Refreshing native plugins compatible for Editor in 10.30 ms, found 4 plugins.
Initialize engine version: 6000.4.1f1 (8535861f39e1)
[Subsystems] Discovering subsystems at path C:/Program Files/Unity/Hub/Editor/6000.4.1f1/Editor/Data/Resources/UnitySubsystems
[Subsystems] Discovering subsystems at path C:/Users/ruha/Game-Dev/Final/Assets
Forcing GfxDevice: Direct3D 12
GfxDevice: creating device client; kGfxThreadingModeNonThreaded
d3d12: failed to query info queue interface (0x80004002).
Direct3D:
    Version:         Direct3D 12 [level 12.2]
    Renderer:        NVIDIA GeForce RTX 3050 Laptop GPU (ID=0x25a2)
    Vendor:          NVIDIA
    VRAM:            3962 MB
    App VRAM Budget: 3367 MB
    Driver:          32.0.15.9621
Initialize mono
Mono path[0] = 'C:/Program Files/Unity/Hub/Editor/6000.4.1f1/Editor/Data/Managed'
Mono path[1] = 'C:/Program Files/Unity/Hub/Editor/6000.4.1f1/Editor/Data/MonoBleedingEdge/lib/mono/unityjit-win32'
Mono config path = 'C:/Program Files/Unity/Hub/Editor/6000.4.1f1/Editor/Data/MonoBleedingEdge/etc'
Using monoOptions --debugger-agent=transport=dt_socket,embedding=1,server=y,suspend=n,address=127.0.0.1:56776
CodeReloadManager initialized
Begin MonoManager ReloadAssembly
Registering precompiled unity dll's ...
Register platform support module: C:/Program Files/Unity/Hub/Editor/6000.4.1f1/Editor/Data/PlaybackEngines/WindowsStandaloneSupport/UnityEditor.WindowsStandalone.Extensions.dll
Registered in 0.006890 seconds.
[Licensing::Client] Error: HandshakeResponse reported an error:
	ResponseCode: 505
	ResponseStatus: Unsupported protocol version '1.18.1'.
[Licensing::Module] Error: Failed to handshake to channel: "LicenseClient-ruha"
[Licensing::IpcConnector] LicenseClient-ruha channel disconnected successfully.
[Licensing::IpcConnector] Successfully connected to: "LicenseClient-ruha-6000.4.1" at "2026-04-27T11:43:57.4833397Z"
Native extension for WindowsStandalone target not found
Package Manager log level set to [2]
[Package Manager] Failed to launch server process. Reason: Unity was launched with the -noUpm command-line argument
[Package Manager] Unable to send message (not connected to server process).
[Package Manager] Cannot connect to Unity Package Manager local server
ScheduleIndexationOnStartup MainProcess:False IndexOnStartup:True
Mono: successfully reloaded assembly
- Finished resetting the current domain, in  1.176 seconds
Domain Reload Profiling: 2506ms
	BeginReloadAssembly (387ms)
	RebuildCommonClasses (117ms)
	RebuildNativeTypeToScriptingClass (38ms)
	initialDomainReloadingComplete (193ms)
	LoadAllAssembliesAndSetupDomain (590ms)
		LoadAssemblies (373ms)
		AnalyzeDomain (568ms)
			TypeCache.Refresh (566ms)
				TypeCache.ScanAssembly (535ms)
	FinalizeReload (1181ms)
		SetupLoadedEditorAssemblies (0ms)
			InitializePlatformSupportModulesInManaged (141ms)
			BeforeProcessingInitializeOnLoad (266ms)
			ProcessInitializeOnLoadAttributes (316ms)
			ProcessInitializeOnLoadMethodAttributes (255ms)
========================================================================
Worker process is ready to serve import requests
Import Worker Mode flag is 0x00
Begin MonoManager ReloadAssembly
[Licensing::Module] Licensing is not yet initialized.
[Licensing::Client] Handshaking with LicensingClient:
  Version:                 1.18.1+9fbee8e
  Session Id:              c96191d3eb6e49fbb8294fff3e528bf0
  Correlation Id:          51f84b24dfc143c17b7662873f4f6063
  External correlation Id: 4760522065300881816
  Machine Id:              Uz/CTuwisktXHE4r6AKo/0WYfk4=
[Licensing::Module] Successfully connected to LicensingClient on channel: "LicenseClient-ruha-6000.4.1" (connect: 0.00s, validation: 0.00s, handshake: 2.70s)
[Licensing::IpcConnector] Successfully connected to: "LicenseClient-ruha-6000.4.1-notifications" at "2026-04-27T11:44:00.1853869Z"
[Licensing::Module] Licensing Background thread has ended after 5.68s
[Licensing::Module] Licensing is initialized (took 0.06s).
[Licensing::Client] Successfully resolved entitlement details
[Licensing::Module] License group:
  Id: 18968367855896-UnityPersXXXX
  Product: Unity Personal
  Type: Assigned
  Expiration: Unlimited
Assembly Assembly-CSharp-Editor-firstpass.dll at Library/ScriptAssemblies/Assembly-CSharp-Editor-firstpass.dll not valid. Loading of assembly skipped.
Assembly Assembly-CSharp-Editor.dll at Library/ScriptAssemblies/Assembly-CSharp-Editor.dll not valid. Loading of assembly skipped.
Assembly Assembly-CSharp-firstpass.dll at Library/ScriptAssemblies/Assembly-CSharp-firstpass.dll not valid. Loading of assembly skipped.
Assembly DocCodeExamples.dll at Library/ScriptAssemblies/DocCodeExamples.dll not valid. Loading of assembly skipped.
Assembly TestNewCustomAssembly.dll at Library/ScriptAssemblies/TestNewCustomAssembly.dll not valid. Loading of assembly skipped.
Assembly Unity.2D.Animation.EditorTests.dll at Library/ScriptAssemblies/Unity.2D.Animation.EditorTests.dll not valid. Loading of assembly skipped.
Assembly Unity.2D.Aseprite.EditorTests.dll at Library/ScriptAssemblies/Unity.2D.Aseprite.EditorTests.dll not valid. Loading of assembly skipped.
Assembly Unity.2D.Common.EditorTests.dll at Library/ScriptAssemblies/Unity.2D.Common.EditorTests.dll not valid. Loading of assembly skipped.
Assembly Unity.2D.PixelPerfect.Editor.Tests.dll at Library/ScriptAssemblies/Unity.2D.PixelPerfect.Editor.Tests.dll not valid. Loading of assembly skipped.
Assembly Unity.2D.Psdimporter.EditorTests.dll at Library/ScriptAssemblies/Unity.2D.Psdimporter.EditorTests.dll not valid. Loading of assembly skipped.
Assembly Unity.2D.Sprite.Package.EditorTests.dll at Library/ScriptAssemblies/Unity.2D.Sprite.Package.EditorTests.dll not valid. Loading of assembly skipped.
Assembly Unity.2D.SpriteShape.EditorTests.dll at Library/ScriptAssemblies/Unity.2D.SpriteShape.EditorTests.dll not valid. Loading of assembly skipped.
Assembly Unity.2D.Tilemap.Package.EditorTests.dll at Library/ScriptAssemblies/Unity.2D.Tilemap.Package.EditorTests.dll not valid. Loading of assembly skipped.
Assembly Unity.Collections.BurstCompatibilityGen.dll at Library/ScriptAssemblies/Unity.Collections.BurstCompatibilityGen.dll not valid. Loading of assembly skipped.
Assembly Unity.Collections.DocCodeSamples.dll at Library/ScriptAssemblies/Unity.Collections.DocCodeSamples.dll not valid. Loading of assembly skipped.
Assembly Unity.Collections.PerformanceTests.dll at Library/ScriptAssemblies/Unity.Collections.PerformanceTests.dll not valid. Loading of assembly skipped.
Assembly Unity.Collections.Tests.dll at Library/ScriptAssemblies/Unity.Collections.Tests.dll not valid. Loading of assembly skipped.
Assembly Unity.Collections.Tests.Playmode.dll at Library/ScriptAssemblies/Unity.Collections.Tests.Playmode.dll not valid. Loading of assembly skipped.
Assembly Unity.InputSystem.IntegrationTests.dll at Library/ScriptAssemblies/Unity.InputSystem.IntegrationTests.dll not valid. Loading of assembly skipped.
Assembly Unity.Mathematics.Tests.dll at Library/ScriptAssemblies/Unity.Mathematics.Tests.dll not valid. Loading of assembly skipped.
Assembly Unity.Multiplayer.Center.Editor.Tests.dll at Library/ScriptAssemblies/Unity.Multiplayer.Center.Editor.Tests.dll not valid. Loading of assembly skipped.
Assembly Unity.Multiplayer.Center.Tests.dll at Library/ScriptAssemblies/Unity.Multiplayer.Center.Tests.dll not valid. Loading of assembly skipped.
Assembly Unity.Nuget.Mono-Cecil.dll at Library/ScriptAssemblies/Unity.Nuget.Mono-Cecil.dll not valid. Loading of assembly skipped.
Assembly Unity.TextMeshPro.Editor.Tests.dll at Library/ScriptAssemblies/Unity.TextMeshPro.Editor.Tests.dll not valid. Loading of assembly skipped.
Assembly Unity.TextMeshPro.Tests.dll at Library/ScriptAssemblies/Unity.TextMeshPro.Tests.dll not valid. Loading of assembly skipped.
Assembly UnityEditor.UI.Common.Tests.dll at Library/ScriptAssemblies/UnityEditor.UI.Common.Tests.dll not valid. Loading of assembly skipped.
Assembly UnityEditor.UI.EditorTests.dll at Library/ScriptAssemblies/UnityEditor.UI.EditorTests.dll not valid. Loading of assembly skipped.
Assembly UnityEngine.UI.Tests.dll at Library/ScriptAssemblies/UnityEngine.UI.Tests.dll not valid. Loading of assembly skipped.
Symbol file LoadedFromMemory is not a mono symbol file
Refreshing native plugins compatible for Editor in 4.61 ms, found 4 plugins.
Native extension for WindowsStandalone target not found
[Package Manager] Failed to launch server process. Reason: Unity was launched with the -noUpm command-line argument
[Package Manager] Unable to send message (not connected to server process).
[Package Manager] Cannot connect to Unity Package Manager local server
[Package Manager] Failed to launch server process. Reason: Unity was launched with the -noUpm command-line argument
[Package Manager] Unable to send message (not connected to server process).
[Package Manager] Cannot connect to Unity Package Manager local server
ScheduleIndexationOnStartup MainProcess:False IndexOnStartup:True
Mono: successfully reloaded assembly
- Finished resetting the current domain, in  4.203 seconds
Domain Reload Profiling: 6261ms
	BeginReloadAssembly (499ms)
		DisableScriptedObjects (12ms)
		CreateAndSetChildDomain (67ms)
	RebuildCommonClasses (104ms)
	RebuildNativeTypeToScriptingClass (28ms)
	initialDomainReloadingComplete (196ms)
	LoadAllAssembliesAndSetupDomain (1229ms)
		LoadAssemblies (920ms)
		AnalyzeDomain (565ms)
			TypeCache.Refresh (412ms)
				TypeCache.ScanAssembly (372ms)
			BuildScriptInfoCaches (134ms)
			ResolveRequiredComponents (16ms)
	FinalizeReload (4204ms)
		SetupLoadedEditorAssemblies (0ms)
			InitializePlatformSupportModulesInManaged (4ms)
			BeforeProcessingInitializeOnLoad (402ms)
			ProcessInitializeOnLoadAttributes (3211ms)
			ProcessInitializeOnLoadMethodAttributes (198ms)
			AfterProcessingInitializeOnLoad (29ms)
		AwakeInstancesAfterBackupRestoration (19ms)
Launched and connected shader compiler UnityShaderCompiler.exe after 0.04 seconds
Refreshing native plugins compatible for Editor in 4.75 ms, found 4 plugins.
Unloading 0 Unused Serialized files (Serialized files now loaded: 0)
Unloading 5285 unused Assets / (1.7 MB). Loaded Objects now: 5887.
Memory consumption went from 110.2 MB to 108.5 MB.
Total: 19.585900 ms (FindLiveObjects: 0.863700 ms CreateObjectMapping: 1.194000 ms MarkObjects: 14.416700 ms  DeleteObjects: 3.107100 ms)

========================================================================
Received Import Request.
  Time since last request: 339.280487 seconds.
  path: Assets/JustPlay/Сomputer devices/Objects/Mouse from pc/Mouse.mat
  importAddress: Guid(e585d3420961316438c99355478f2400) Importer(2089858483,b0f066a214c2f5e87bad3c948f4d605d)
Start importing Assets/JustPlay/Сomputer devices/Objects/Mouse from pc/Mouse.mat using Guid(e585d3420961316438c99355478f2400) Importer(2089858483,b0f066a214c2f5e87bad3c948f4d605d) (ScriptedImporter) -> (Import Result ID: 'f417971a788d4be8e4929a904e72de18') in 0.2368516 seconds [static and dynamic dependencies]. Details - ImportResultOutputID=337a61ed3c916461668c387af6530815 DependenciesID=24160559dfb7760b421497da1b3a8a27 StaticDependenciesID=9e241a0727478f8f655d4c562e3c6189 
Number of updated asset objects reloaded before import = 0Number of asset objects unloaded after import = 6

========================================================================
Received Import Request.
  Time since last request: 0.000052 seconds.
  path: Assets/ScifiOfficeLite/Meshes/Materials/Table Texture Set/Vase.mat
  importAddress: Guid(045239b74499fce4fb282786f8c10c15) Importer(2089858483,b0f066a214c2f5e87bad3c948f4d605d)
Start importing Assets/ScifiOfficeLite/Meshes/Materials/Table Texture Set/Vase.mat using Guid(045239b74499fce4fb282786f8c10c15) Importer(2089858483,b0f066a214c2f5e87bad3c948f4d605d) (ScriptedImporter) -> (Import Result ID: 'b8152103b22e9b28dd45484374258b3a') in 0.0436281 seconds [static and dynamic dependencies]. Details - ImportResultOutputID=9cff6eb1768d9579382fc1390dbb28ab DependenciesID=03d9c503253d531489e213150224a7d9 StaticDependenciesID=5f83d55d9368215f3684ae13f037daf9 
Number of updated asset objects reloaded before import = 0Number of asset objects unloaded after import = 5

========================================================================
Received Import Request.
  Time since last request: 0.000053 seconds.
  path: Assets/JustPlay/Сomputer devices/Objects/Keyboard/Textures/Albedo.png
  importAddress: Guid(82739909ed66eb84bbb9e8c714546886) Importer(2089858483,b0f066a214c2f5e87bad3c948f4d605d)
Start importing Assets/JustPlay/Сomputer devices/Objects/Keyboard/Textures/Albedo.png using Guid(82739909ed66eb84bbb9e8c714546886) Importer(2089858483,b0f066a214c2f5e87bad3c948f4d605d) (ScriptedImporter) -> (Import Result ID: '2b562e4f4a8ec9738e1d4456d612f5c3') in 0.1174235 seconds [static and dynamic dependencies]. Details - ImportResultOutputID=1588b1fd369b71d684973b443fa3638d DependenciesID=4a8940b14edde6ff08f77d4437d9c693 StaticDependenciesID=d167b0ccf989443488f7168c79c6e04a 
Number of updated asset objects reloaded before import = 0Number of asset objects unloaded after import = 1

========================================================================
Received Import Request.
  Time since last request: 0.000251 seconds.
  path: Assets/JustPlay/Сomputer devices/Objects/Monitor/Monitor.mat
  importAddress: Guid(05965a8670262d24a992849f3ced96f7) Importer(2089858483,b0f066a214c2f5e87bad3c948f4d605d)
Start importing Assets/JustPlay/Сomputer devices/Objects/Monitor/Monitor.mat using Guid(05965a8670262d24a992849f3ced96f7) Importer(2089858483,b0f066a214c2f5e87bad3c948f4d605d) (ScriptedImporter) -> (Import Result ID: '3a7c79066e3eaea2530f7214ca1e06c8') in 0.0258238 seconds [static and dynamic dependencies]. Details - ImportResultOutputID=d92dc4edaf3fbd742438055dd4bcbc56 DependenciesID=794627b427833433cd8aa558c381d93d StaticDependenciesID=5db0b8446a77c16e47ca236de00ce0e4 
Number of updated asset objects reloaded before import = 0Number of asset objects unloaded after import = 5

========================================================================
Received Import Request.
  Time since last request: 0.000034 seconds.
  path: Assets/JustPlay/Сomputer devices/Objects/Mouse from pc/Textures/AO.png
  importAddress: Guid(b695827e5b35c884d8b4088910eee5ab) Importer(2089858483,b0f066a214c2f5e87bad3c948f4d605d)
Start importing Assets/JustPlay/Сomputer devices/Objects/Mouse from pc/Textures/AO.png using Guid(b695827e5b35c884d8b4088910eee5ab) Importer(2089858483,b0f066a214c2f5e87bad3c948f4d605d) (ScriptedImporter) -> (Import Result ID: 'd62b42e0f587e9587b4b07d390a9fc4f') in 0.021472 seconds [static and dynamic dependencies]. Details - ImportResultOutputID=096c91a31c4448b2ab13435bc3b94ad0 DependenciesID=43dc720f974a910a9d60aa3a214454bb StaticDependenciesID=a9147c724d632e3d65322ddf8aa9cb77 
Number of updated asset objects reloaded before import = 0Number of asset objects unloaded after import = 1

========================================================================
Received Import Request.
  Time since last request: 0.000041 seconds.
  path: Assets/ScifiOfficeLite/Meshes/Materials/Walls/Wall Set 2 Glass.mat
  importAddress: Guid(cf9108e24a9e64f4c808b61db1329145) Importer(2089858483,b0f066a214c2f5e87bad3c948f4d605d)
Start importing Assets/ScifiOfficeLite/Meshes/Materials/Walls/Wall Set 2 Glass.mat using Guid(cf9108e24a9e64f4c808b61db1329145) Importer(2089858483,b0f066a214c2f5e87bad3c948f4d605d) (ScriptedImporter) -> (Import Result ID: '732a54fde1a5c745a6d628c58c354559') in 0.2007725 seconds [static and dynamic dependencies]. Details - ImportResultOutputID=53781d9e32845ecebb7c265961f1a6f8 DependenciesID=b5d98d28adbce11f9260553ac5e94c8f StaticDependenciesID=72879871c18a84b7651f4563614cc98d 
Number of updated asset objects reloaded before import = 0Number of asset objects unloaded after import = 5

========================================================================
Received Import Request.
  Time since last request: 0.000052 seconds.
  path: Assets/JustPlay/Сomputer devices/Prefabs/Keyboard.prefab
  importAddress: Guid(9c96b128b01f8d14488d1819f299ea11) Importer(2089858483,b0f066a214c2f5e87bad3c948f4d605d)
Start importing Assets/JustPlay/Сomputer devices/Prefabs/Keyboard.prefab using Guid(9c96b128b01f8d14488d1819f299ea11) Importer(2089858483,b0f066a214c2f5e87bad3c948f4d605d) (ScriptedImporter) -> (Import Result ID: 'c3635d86dc60581a0d19a0602bea4679') in 0.0533458 seconds [static and dynamic dependencies]. Details - ImportResultOutputID=7812b432ec1afeab5be6db50c57c018c DependenciesID=ee3d2c6959e90ab5e620ab99026fe429 StaticDependenciesID=52325d374464db8a67adb19b3c2cc6ef 
Number of updated asset objects reloaded before import = 0Number of asset objects unloaded after import = 21

========================================================================
Received Import Request.
  Time since last request: 0.000269 seconds.
  path: Assets/JustPlay/Сomputer devices/Objects/Mouse from pc/Textures/Emission.png
  importAddress: Guid(e4dc8b423e0c4d647ada46408aceb0db) Importer(2089858483,b0f066a214c2f5e87bad3c948f4d605d)
Start importing Assets/JustPlay/Сomputer devices/Objects/Mouse from pc/Textures/Emission.png using Guid(e4dc8b423e0c4d647ada46408aceb0db) Importer(2089858483,b0f066a214c2f5e87bad3c948f4d605d) (ScriptedImporter) -> (Import Result ID: '45a1139ffbe906401683cf895ce058fa') in 0.0240748 seconds [static and dynamic dependencies]. Details - ImportResultOutputID=a46b0f8b067a617b63e175f07383e467 DependenciesID=b50bda7bb7c5844b2103b3c0db808134 StaticDependenciesID=8195331c59b600c1ea0c06eb7529d72b 
Number of updated asset objects reloaded before import = 0Number of asset objects unloaded after import = 1

========================================================================
Received Import Request.
  Time since last request: 0.000034 seconds.
  path: Assets/ScifiOfficeLite/Meshes/Textures/Environment/Table texture set/Table Set Glass/Table Glass_Diffuse+Alpha.png
  importAddress: Guid(bb1096c4f5ab2984ca76d7c49edb3479) Importer(2089858483,b0f066a214c2f5e87bad3c948f4d605d)
Start importing Assets/ScifiOfficeLite/Meshes/Textures/Environment/Table texture set/Table Set Glass/Table Glass_Diffuse+Alpha.png using Guid(bb1096c4f5ab2984ca76d7c49edb3479) Importer(2089858483,b0f066a214c2f5e87bad3c948f4d605d) (ScriptedImporter) -> (Import Result ID: '4d85d2b99430952d2ad14a5a5d48b4f8') in 0.0251622 seconds [static and dynamic dependencies]. Details - ImportResultOutputID=31ddb9d412c107aa9e9f87f8cacce1e2 DependenciesID=14376b23ae30ee0382ec475a5bba3b69 StaticDependenciesID=f99f97b66d9960513f16aa3dffdc93ea 
Number of updated asset objects reloaded before import = 0Number of asset objects unloaded after import = 1

========================================================================
Received Import Request.
  Time since last request: 0.000034 seconds.
  path: Assets/ScifiOfficeLite/Meshes/Materials/Interactables and Doors/Doors
  importAddress: Guid(7ca7c02ee77729e4a9ed1290436d3852) Importer(2089858483,b0f066a214c2f5e87bad3c948f4d605d)
Start importing Assets/ScifiOfficeLite/Meshes/Materials/Interactables and Doors/Doors using Guid(7ca7c02ee77729e4a9ed1290436d3852) Importer(2089858483,b0f066a214c2f5e87bad3c948f4d605d) (ScriptedImporter) -> (Import Result ID: 'b35ac56ebf4f870fd2033f30ec515cfa') in 0.0089466 seconds [static and dynamic dependencies]. Details - ImportResultOutputID=73a67adc5195637cc6ad97d77ab69734 DependenciesID=dee9b6120c1a858e9ab8469aeb14dbcb StaticDependenciesID=44e818ee5a3c53f6a4eeaf8613d84ec2 
Number of updated asset objects reloaded before import = 0Number of asset objects unloaded after import = 1

========================================================================
Received Import Request.
  Time since last request: 0.000076 seconds.
  path: Assets/ScifiOfficeLite/Prefabs/Shelf without Crates.prefab
  importAddress: Guid(07ed13550a76cd2429958ba8f43d7c0e) Importer(2089858483,b0f066a214c2f5e87bad3c948f4d605d)
Start importing Assets/ScifiOfficeLite/Prefabs/Shelf without Crates.prefab using Guid(07ed13550a76cd2429958ba8f43d7c0e) Importer(2089858483,b0f066a214c2f5e87bad3c948f4d605d) (ScriptedImporter) -> (Import Result ID: '91809a6ac0c101798bb43671a9d8d900') in 0.0743385 seconds [static and dynamic dependencies]. Details - ImportResultOutputID=297f2a045e380515435a1e8ed5e64e09 DependenciesID=557398844f1be2119bef7925e0f8591d StaticDependenciesID=049adc7ef8615ca060002b18a4b43904 
Number of updated asset objects reloaded before import = 0Number of asset objects unloaded after import = 9

========================================================================
Received Import Request.
  Time since last request: 0.000045 seconds.
  path: Assets/ScifiOfficeLite/Prefabs/Lighting/Ceiling Lights
  importAddress: Guid(cb13d5c41d29ceb438aaf360d2ca91b8) Importer(2089858483,b0f066a214c2f5e87bad3c948f4d605d)
Start importing Assets/ScifiOfficeLite/Prefabs/Lighting/Ceiling Lights using Guid(cb13d5c41d29ceb438aaf360d2ca91b8) Importer(2089858483,b0f066a214c2f5e87bad3c948f4d605d) (ScriptedImporter) -> (Import Result ID: 'b60274365ca5db71b7c3144a2d476584') in 0.0082349 seconds [static and dynamic dependencies]. Details - ImportResultOutputID=044c38793fb466ec7abe1e64cd7326ad DependenciesID=0cbcbca34894598332f7b45691f29f73 StaticDependenciesID=4f1bf61724bf33789836fe20fe937ed1 
Number of updated asset objects reloaded before import = 0Number of asset objects unloaded after import = 1

========================================================================
Received Import Request.
  Time since last request: 0.000038 seconds.
  path: Assets/JustPlay/Сomputer devices/Objects/Monitor/Textures/Roughness.png
  importAddress: Guid(ce31103dfbe15294984367c787102fb8) Importer(2089858483,b0f066a214c2f5e87bad3c948f4d605d)
Start importing Assets/JustPlay/Сomputer devices/Objects/Monitor/Textures/Roughness.png using Guid(ce31103dfbe15294984367c787102fb8) Importer(2089858483,b0f066a214c2f5e87bad3c948f4d605d) (ScriptedImporter) -> (Import Result ID: 'ce52f77a2b13cd7756d5925b94790147') in 0.0185563 seconds [static and dynamic dependencies]. Details - ImportResultOutputID=d3a379accbded2412b6965dc2e6aea1b DependenciesID=7872f9dc28ad24c6858ba9327f479afd StaticDependenciesID=ea3b3d9789e6653e1d8e037482a2c2c8 
Number of updated asset objects reloaded before import = 0Number of asset objects unloaded after import = 1

========================================================================
Received Import Request.
  Time since last request: 0.000133 seconds.
  path: Assets/JustPlay/Сomputer devices/Objects/Router/Router.fbx
  importAddress: Guid(20ed18003e671ae4ab73d047246e2e0a) Importer(2089858483,b0f066a214c2f5e87bad3c948f4d605d)
Start importing Assets/JustPlay/Сomputer devices/Objects/Router/Router.fbx using Guid(20ed18003e671ae4ab73d047246e2e0a) Importer(2089858483,b0f066a214c2f5e87bad3c948f4d605d) (ScriptedImporter) -> (Import Result ID: 'd09c048a34b9a30e0332052498c2dd16') in 0.0626127 seconds [static and dynamic dependencies]. Details - ImportResultOutputID=ee1e60282a6bfe875bfb9f2674d48d67 DependenciesID=8c6ca7f36388958ac4cf8a5bcc96e9ac StaticDependenciesID=d65716ba68acc8b7636e0ea860f6c580 
Number of updated asset objects reloaded before import = 0Number of asset objects unloaded after import = 20

========================================================================
Received Import Request.
  Time since last request: 0.000030 seconds.
  path: Assets/ScifiOfficeLite/Scene/Demo/ReflectionProbe-0.exr
  importAddress: Guid(4b2efb0f662d74a4faddc3d249cc6bbd) Importer(2089858483,b0f066a214c2f5e87bad3c948f4d605d)
Start importing Assets/ScifiOfficeLite/Scene/Demo/ReflectionProbe-0.exr using Guid(4b2efb0f662d74a4faddc3d249cc6bbd) Importer(2089858483,b0f066a214c2f5e87bad3c948f4d605d) (ScriptedImporter) -> (Import Result ID: '490e4b0174591bf35e0feb40397be3f0') in 0.0320291 seconds [static and dynamic dependencies]. Details - ImportResultOutputID=ed9ce3cb1834747188d64ce211fe3c08 DependenciesID=d8ee14e4bfa864e2dfa5b8adc6e7f566 StaticDependenciesID=1e3e1b6351e1e251687f68fb7a3d3732 
Number of updated asset objects reloaded before import = 0Number of asset objects unloaded after import = 1

========================================================================
Received Import Request.
  Time since last request: 0.000048 seconds.
  path: Assets/ScifiOfficeLite/Scene/Demo/Lightmap-2_comp_shadowmask.png
  importAddress: Guid(d8aa27a5cc542e64a866e15a66c215fd) Importer(2089858483,b0f066a214c2f5e87bad3c948f4d605d)
Start importing Assets/ScifiOfficeLite/Scene/Demo/Lightmap-2_comp_shadowmask.png using Guid(d8aa27a5cc542e64a866e15a66c215fd) Importer(2089858483,b0f066a214c2f5e87bad3c948f4d605d) (ScriptedImporter) -> (Import Result ID: '2557d18b14e949a97d4f07b020e9e51c') in 0.0235664 seconds [static and dynamic dependencies]. Details - ImportResultOutputID=ac962ee58e3107afffd7012a4c4f871f DependenciesID=577dc5f724e73bb51d027225af1ba3f1 StaticDependenciesID=1b758aa77eea7418dabceea7971cae68 
Number of updated asset objects reloaded before import = 0Number of asset objects unloaded after import = 1

========================================================================
Received Import Request.
  Time since last request: 0.000109 seconds.
  path: Assets/ScifiOfficeLite/Meshes/Office Interior/Carpet/Carpet 10.FBX
  importAddress: Guid(96b6fad491af7c541b79798aaa5aa126) Importer(2089858483,b0f066a214c2f5e87bad3c948f4d605d)
Start importing Assets/ScifiOfficeLite/Meshes/Office Interior/Carpet/Carpet 10.FBX using Guid(96b6fad491af7c541b79798aaa5aa126) Importer(2089858483,b0f066a214c2f5e87bad3c948f4d605d) (ScriptedImporter) -> (Import Result ID: 'e2f7301a7713841553ff228b4fdbfb38') in 0.0227937 seconds [static and dynamic dependencies]. Details - ImportResultOutputID=007e721cf65a6ee0999e653746125218 DependenciesID=69c9b1b2c0c319b0cae60ee005511d65 StaticDependenciesID=74d522838223c996c3a8c9df85d6a95a 
Number of updated asset objects reloaded before import = 0Number of asset objects unloaded after import = 8

========================================================================
Received Import Request.
  Time since last request: 0.000027 seconds.
  path: Assets/ScifiOfficeLite/Meshes/Textures/Environment/Wall texture/Wall set 2/Wall_Multiset_2_Diffuse+Alpha.png
  importAddress: Guid(64a0f114f6354944b82483ffbc238017) Importer(2089858483,b0f066a214c2f5e87bad3c948f4d605d)
Start importing Assets/ScifiOfficeLite/Meshes/Textures/Environment/Wall texture/Wall set 2/Wall_Multiset_2_Diffuse+Alpha.png using Guid(64a0f114f6354944b82483ffbc238017) Importer(2089858483,b0f066a214c2f5e87bad3c948f4d605d) (ScriptedImporter) -> (Import Result ID: '066cdea5c40b408bcef7909460670786') in 0.0544182 seconds [static and dynamic dependencies]. Details - ImportResultOutputID=55087afbb50d8d20060691bc5320a785 DependenciesID=00a5d34b0f31213590a2bba8401c1908 StaticDependenciesID=7f28b81b02b2c3848eb365b137a0455f 
Number of updated asset objects reloaded before import = 0Number of asset objects unloaded after import = 1

========================================================================
Received Import Request.
  Time since last request: 0.000545 seconds.
  path: Assets/ScifiOfficeLite/Scene/Demo/Lightmap-1_comp_light.exr
  importAddress: Guid(d4f8f3ce2ab2243408ed1a1891d04458) Importer(2089858483,b0f066a214c2f5e87bad3c948f4d605d)
Start importing Assets/ScifiOfficeLite/Scene/Demo/Lightmap-1_comp_light.exr using Guid(d4f8f3ce2ab2243408ed1a1891d04458) Importer(2089858483,b0f066a214c2f5e87bad3c948f4d605d) (ScriptedImporter) -> (Import Result ID: 'd0b65d5783d9631a8f565f8f378212f7') in 0.0244515 seconds [static and dynamic dependencies]. Details - ImportResultOutputID=b9b87f6e24f513ff70e8ca8cbeb6e0b7 DependenciesID=99acbf31b02c5fa57f411da76f8c0f06 StaticDependenciesID=dcd5cd222596fcbc66478578a7917e1c 
Number of updated asset objects reloaded before import = 0Number of asset objects unloaded after import = 1

========================================================================
Received Import Request.
  Time since last request: 0.000090 seconds.
  path: Assets/ScifiOfficeLite/Meshes/Textures/Environment/Table texture set/Table Texture Set 5
  importAddress: Guid(db96f36a55682eb4f9dbeb3d9df60287) Importer(2089858483,b0f066a214c2f5e87bad3c948f4d605d)
Start importing Assets/ScifiOfficeLite/Meshes/Textures/Environment/Table texture set/Table Texture Set 5 using Guid(db96f36a55682eb4f9dbeb3d9df60287) Importer(2089858483,b0f066a214c2f5e87bad3c948f4d605d) (ScriptedImporter) -> (Import Result ID: '4568129f6a05fb3b42af10d0d64533e7') in 0.008003 seconds [static and dynamic dependencies]. Details - ImportResultOutputID=53de680a1861f0b4ea08a991b555504d DependenciesID=c28a6f89b608fde03a2bdcb2a04a54b7 StaticDependenciesID=bad837ea5b3a97a2ca9077be1736dad1 
Number of updated asset objects reloaded before import = 0Number of asset objects unloaded after import = 1

========================================================================
Received Import Request.
  Time since last request: 0.000083 seconds.
  path: Assets/JustPlay/Сomputer devices/Objects/Speakers/Textures/Roughness.png
  importAddress: Guid(3c5dfd5aa5d673545957053311d4c13e) Importer(2089858483,b0f066a214c2f5e87bad3c948f4d605d)
Start importing Assets/JustPlay/Сomputer devices/Objects/Speakers/Textures/Roughness.png using Guid(3c5dfd5aa5d673545957053311d4c13e) Importer(2089858483,b0f066a214c2f5e87bad3c948f4d605d) (ScriptedImporter) -> (Import Result ID: '20b724747983c3605135859b1a6b2d2e') in 0.0228815 seconds [static and dynamic dependencies]. Details - ImportResultOutputID=bec2d50f8343d9c5ffb80e24a396a622 DependenciesID=803459481ca907218ad2322edd46a773 StaticDependenciesID=9408a882a7f62e9b69406aa513ce88b6 
Number of updated asset objects reloaded before import = 0Number of asset objects unloaded after import = 1

========================================================================
Received Import Request.
  Time since last request: 0.000035 seconds.
  path: Assets/ScifiOfficeLite/Scene/Demo/Lightmap-3_comp_shadowmask.png
  importAddress: Guid(c4ee5dfe2feb7b64982263ef85870bc2) Importer(2089858483,b0f066a214c2f5e87bad3c948f4d605d)
Start importing Assets/ScifiOfficeLite/Scene/Demo/Lightmap-3_comp_shadowmask.png using Guid(c4ee5dfe2feb7b64982263ef85870bc2) Importer(2089858483,b0f066a214c2f5e87bad3c948f4d605d) (ScriptedImporter) -> (Import Result ID: 'ead9de8c4ca8dd26ff22b13e37b9ff56') in 0.0248878 seconds [static and dynamic dependencies]. Details - ImportResultOutputID=1213404d619575d417bf1aac5b141b6c DependenciesID=db47b546f41b567709b9929b9eed7c2f StaticDependenciesID=c73d177492c77989ab2fcf5bba60778f 
Number of updated asset objects reloaded before import = 0Number of asset objects unloaded after import = 1

========================================================================
Received Import Request.
  Time since last request: 0.000026 seconds.
  path: Assets/ScifiOfficeLite/Prefabs/Carpets and Floors/20m Epoxy Ground.prefab
  importAddress: Guid(7ff30c7e7a931fa4abaacbcf858e20a1) Importer(2089858483,b0f066a214c2f5e87bad3c948f4d605d)
Start importing Assets/ScifiOfficeLite/Prefabs/Carpets and Floors/20m Epoxy Ground.prefab using Guid(7ff30c7e7a931fa4abaacbcf858e20a1) Importer(2089858483,b0f066a214c2f5e87bad3c948f4d605d) (ScriptedImporter) -> (Import Result ID: '312c20ca4e582ac9db0ffaf6d59ca2fd') in 0.0261011 seconds [static and dynamic dependencies]. Details - ImportResultOutputID=16293a0780e968c0b4112a4c137b5246 DependenciesID=1b9a29ca07f59d7dbc2acb220ff18f57 StaticDependenciesID=9294e7bbc1f3aa03c0fa9be9173882d0 
Number of updated asset objects reloaded before import = 0Number of asset objects unloaded after import = 8

========================================================================
Received Import Request.
  Time since last request: 0.000036 seconds.
  path: Assets/JustPlay/Demo/Set appliances/LightingData.asset
  importAddress: Guid(386f27d04bddf944d92a45fe6623f309) Importer(2089858483,b0f066a214c2f5e87bad3c948f4d605d)
Start importing Assets/JustPlay/Demo/Set appliances/LightingData.asset using Guid(386f27d04bddf944d92a45fe6623f309) Importer(2089858483,b0f066a214c2f5e87bad3c948f4d605d) (ScriptedImporter) -> (Import Result ID: '236e8c24a8ffff44dd00fa686cde2c3d') in 0.0107167 seconds [static and dynamic dependencies]. Details - ImportResultOutputID=6dfe6c072a07c6dba7646f1e70ef93a1 DependenciesID=ac7ebd9a75b2e866b917fbadcc1fefd3 StaticDependenciesID=a829c69b4fa745a7b7e490713b276c90 
Number of updated asset objects reloaded before import = 0Number of asset objects unloaded after import = 2

========================================================================
Received Import Request.
  Time since last request: 0.000051 seconds.
  path: Assets/JustPlay/Сomputer devices/Objects/Monitor 2/Monitor 2.fbx
  importAddress: Guid(ab1a5a64a44cbf04c9887ad5b7ba0e3e) Importer(2089858483,b0f066a214c2f5e87bad3c948f4d605d)
Start importing Assets/JustPlay/Сomputer devices/Objects/Monitor 2/Monitor 2.fbx using Guid(ab1a5a64a44cbf04c9887ad5b7ba0e3e) Importer(2089858483,b0f066a214c2f5e87bad3c948f4d605d) (ScriptedImporter) -> (Import Result ID: 'a8d22ba55ce0a8dfeb854bee978f0c6f') in 0.0309448 seconds [static and dynamic dependencies]. Details - ImportResultOutputID=a97b6a37fe042e567f54e5e749605fe1 DependenciesID=f357bb110c5f995a23ec637e664529d4 StaticDependenciesID=bc17553b3c78979c80c19eb5c36ce99d 
Number of updated asset objects reloaded before import = 0Number of asset objects unloaded after import = 25

========================================================================
Received Import Request.
  Time since last request: 0.000035 seconds.
  path: Assets/JustPlay/Сomputer devices/Objects/Phone/Textures/Albedo.png
  importAddress: Guid(4ec8a5b1eb71e6146a31e2ff6f726022) Importer(2089858483,b0f066a214c2f5e87bad3c948f4d605d)
Start importing Assets/JustPlay/Сomputer devices/Objects/Phone/Textures/Albedo.png using Guid(4ec8a5b1eb71e6146a31e2ff6f726022) Importer(2089858483,b0f066a214c2f5e87bad3c948f4d605d) (ScriptedImporter) -> (Import Result ID: '8b25a2757cf11a0cce54e0eb254f9f71') in 0.0165461 seconds [static and dynamic dependencies]. Details - ImportResultOutputID=abfa6da0e23077bf890b732751ab3d63 DependenciesID=5ecb15e40b7fc6315a488d88aec394f3 StaticDependenciesID=9e190e0955e80d4e1af8cfed8f57789c 
Number of updated asset objects reloaded before import = 0Number of asset objects unloaded after import = 1

========================================================================
Received Import Request.
  Time since last request: 0.000084 seconds.
  path: Assets/ScifiOfficeLite/Meshes/Office Interior/Shelf with Crates.FBX
  importAddress: Guid(66f91e45b3db4984494c4394f379f7a7) Importer(2089858483,b0f066a214c2f5e87bad3c948f4d605d)
Start importing Assets/ScifiOfficeLite/Meshes/Office Interior/Shelf with Crates.FBX using Guid(66f91e45b3db4984494c4394f379f7a7) Importer(2089858483,b0f066a214c2f5e87bad3c948f4d605d) (ScriptedImporter) -> (Import Result ID: 'e81a54edadde58ac6b8d869e46e4b312') in 0.040931 seconds [static and dynamic dependencies]. Details - ImportResultOutputID=6239a08929b8d9b8e5e31124e993db7f DependenciesID=bc9a6c563f6cec8d471c40e24e9be4b6 StaticDependenciesID=cf9823f9792fae558a47abd3cf5e2d1b 
Number of updated asset objects reloaded before import = 0Number of asset objects unloaded after import = 38

========================================================================
Received Import Request.
  Time since last request: 0.000032 seconds.
  path: Assets/ScifiOfficeLite/Meshes/Materials/Ground Mats
  importAddress: Guid(78ca53e47e42fcf43b4f71b8b40e1092) Importer(2089858483,b0f066a214c2f5e87bad3c948f4d605d)
Start importing Assets/ScifiOfficeLite/Meshes/Materials/Ground Mats using Guid(78ca53e47e42fcf43b4f71b8b40e1092) Importer(2089858483,b0f066a214c2f5e87bad3c948f4d605d) (ScriptedImporter) -> (Import Result ID: '1239cac1b3327e64f49be9cd6c09657f') in 0.0080095 seconds [static and dynamic dependencies]. Details - ImportResultOutputID=00d92a1663ce93ae0e917ad9cc1b0e76 DependenciesID=a59a4caa8a11aaf74caf85d5a21e4693 StaticDependenciesID=071f788368328a7bc16a3e4d715fb871 
Number of updated asset objects reloaded before import = 0Number of asset objects unloaded after import = 1

========================================================================
Received Import Request.
  Time since last request: 0.000029 seconds.
  path: Assets/ScifiOfficeLite/Scene/Demo/LightingData.asset
  importAddress: Guid(7d1e882f91164dd498bdf38c0f6d9ec1) Importer(2089858483,b0f066a214c2f5e87bad3c948f4d605d)
Start importing Assets/ScifiOfficeLite/Scene/Demo/LightingData.asset using Guid(7d1e882f91164dd498bdf38c0f6d9ec1) Importer(2089858483,b0f066a214c2f5e87bad3c948f4d605d) (ScriptedImporter) -> (Import Result ID: '82273d88f6cba6362c4b052b7bce8ecb') in 0.5749005 seconds [static and dynamic dependencies]. Details - ImportResultOutputID=ff721bbe1b061e08996931ad376a9a23 DependenciesID=9e07c70d4842200172b56fc609ced3f8 StaticDependenciesID=aca7c270c8b835a4ce2cb27b3bb461a8 
Number of updated asset objects reloaded before import = 0Number of asset objects unloaded after import = 2

========================================================================
Received Import Request.
  Time since last request: 0.000043 seconds.
  path: Assets/ScifiOfficeLite/Meshes/Textures/Environment/Table texture set/Table Props/shelf_1001_Normal.png
  importAddress: Guid(3958571e77c7aea4e94951d5ae88a571) Importer(2089858483,b0f066a214c2f5e87bad3c948f4d605d)
Start importing Assets/ScifiOfficeLite/Meshes/Textures/Environment/Table texture set/Table Props/shelf_1001_Normal.png using Guid(3958571e77c7aea4e94951d5ae88a571) Importer(2089858483,b0f066a214c2f5e87bad3c948f4d605d) (ScriptedImporter) -> (Import Result ID: '8a6df09e8552de9d2dc1ce44215aa018') in 0.0248112 seconds [static and dynamic dependencies]. Details - ImportResultOutputID=7540b029f24c6e8d528ca1d231ae44f9 DependenciesID=2155dc2daa0f40fce6875f1b33f4e83e StaticDependenciesID=82925aee1e6f373bd761a7c8b9d37402 
Number of updated asset objects reloaded before import = 0Number of asset objects unloaded after import = 1

========================================================================
Received Import Request.
  Time since last request: 0.000060 seconds.
  path: Assets/ScifiOfficeLite/Meshes/Textures/Environment/Table texture set/Table Texture set 2/Table texture set 2_Height.png
  importAddress: Guid(f7c242854ebf7c64eb05b62168009c02) Importer(2089858483,b0f066a214c2f5e87bad3c948f4d605d)
Start importing Assets/ScifiOfficeLite/Meshes/Textures/Environment/Table texture set/Table Texture set 2/Table texture set 2_Height.png using Guid(f7c242854ebf7c64eb05b62168009c02) Importer(2089858483,b0f066a214c2f5e87bad3c948f4d605d) (ScriptedImporter) -> (Import Result ID: 'b37e33fdaa056c0d673beaa05b6419b4') in 0.0499843 seconds [static and dynamic dependencies]. Details - ImportResultOutputID=d885e511b7a7cac14e6be19e44792db7 DependenciesID=06b7bef2fe5727cdbc519d6ac7081c8e StaticDependenciesID=4ec79dc0003e67410e287b4db864c89b 
Number of updated asset objects reloaded before import = 0Number of asset objects unloaded after import = 1

========================================================================
Received Import Request.
  Time since last request: 0.000035 seconds.
  path: Assets/ScifiOfficeLite/Meshes/Textures/Environment/Chair set
  importAddress: Guid(bf0e5631f8ab8c347b71314e274e8057) Importer(2089858483,b0f066a214c2f5e87bad3c948f4d605d)
Start importing Assets/ScifiOfficeLite/Meshes/Textures/Environment/Chair set using Guid(bf0e5631f8ab8c347b71314e274e8057) Importer(2089858483,b0f066a214c2f5e87bad3c948f4d605d) (ScriptedImporter) -> (Import Result ID: 'd50e355c39857e352487ce6f2be582df') in 0.013154 seconds [static and dynamic dependencies]. Details - ImportResultOutputID=6ed747c10f706229d8a86e7122345a61 DependenciesID=da436aa0c62c27857a5053d71cbdef60 StaticDependenciesID=22864e03e13767a9466a3f19eca8ab0e 
Number of updated asset objects reloaded before import = 0Number of asset objects unloaded after import = 1

========================================================================
Received Import Request.
  Time since last request: 0.000097 seconds.
  path: Assets/ScifiOfficeLite/Meshes/Materials/Table Texture Set/Table set Glass.mat
  importAddress: Guid(794346bd97615e6469844a48607e7cef) Importer(2089858483,b0f066a214c2f5e87bad3c948f4d605d)
Start importing Assets/ScifiOfficeLite/Meshes/Materials/Table Texture Set/Table set Glass.mat using Guid(794346bd97615e6469844a48607e7cef) Importer(2089858483,b0f066a214c2f5e87bad3c948f4d605d) (ScriptedImporter) -> (Import Result ID: '8e757f0b6a8b3da01e2f1b37139004e8') in 0.057474 seconds [static and dynamic dependencies]. Details - ImportResultOutputID=a8749041fbe0d7ac35b35128006d1623 DependenciesID=6b73016e1f4d033e0883ec5ed91d24f7 StaticDependenciesID=9c3655519e7bf6c05143e1ab075be562 
Number of updated asset objects reloaded before import = 0Number of asset objects unloaded after import = 5

========================================================================
Received Import Request.
  Time since last request: 0.000038 seconds.
  path: Assets/ScifiOfficeLite/Meshes/Textures/Interactables and Doors/Doors/Door 1_Normal.png
  importAddress: Guid(c87f3928579a69b42b65feb8c11335bb) Importer(2089858483,b0f066a214c2f5e87bad3c948f4d605d)
Start importing Assets/ScifiOfficeLite/Meshes/Textures/Interactables and Doors/Doors/Door 1_Normal.png using Guid(c87f3928579a69b42b65feb8c11335bb) Importer(2089858483,b0f066a214c2f5e87bad3c948f4d605d) (ScriptedImporter) -> (Import Result ID: 'e23a98afb9e92f357032edeadb2e66d7') in 0.0344771 seconds [static and dynamic dependencies]. Details - ImportResultOutputID=4f7a030353a76af840b1e5509d70f96c DependenciesID=46768dbb33ec5dbc8a61dd894d72996d StaticDependenciesID=3f9c73138ba51d3c09ce2e87132ae0f3 
Number of updated asset objects reloaded before import = 0Number of asset objects unloaded after import = 1

========================================================================
Received Import Request.
  Time since last request: 0.000137 seconds.
  path: Assets/ScifiOfficeLite/Meshes/Textures/Environment/Ground/Concrete Floor/Concrete Floor Polished Diffuse.tif
  importAddress: Guid(400e5a43dd35c1f49840ed1b6354138c) Importer(2089858483,b0f066a214c2f5e87bad3c948f4d605d)
Start importing Assets/ScifiOfficeLite/Meshes/Textures/Environment/Ground/Concrete Floor/Concrete Floor Polished Diffuse.tif using Guid(400e5a43dd35c1f49840ed1b6354138c) Importer(2089858483,b0f066a214c2f5e87bad3c948f4d605d) (ScriptedImporter) -> (Import Result ID: '99d22782257a2b7b3cc8918155d15b9f') in 0.034096 seconds [static and dynamic dependencies]. Details - ImportResultOutputID=8a36d2650fc4cd82abe7defca6d8ccef DependenciesID=b8f30f6548ed8c7af23c1397b275e215 StaticDependenciesID=d7bb7684b5a812b01f7579607b6f81fe 
Number of updated asset objects reloaded before import = 0Number of asset objects unloaded after import = 1

========================================================================
Received Import Request.
  Time since last request: 0.000044 seconds.
  path: Assets/ScifiOfficeLite/Prefabs/Lighting/Ceiling Lights/2D
  importAddress: Guid(a966283a628910941b403a29a841155e) Importer(2089858483,b0f066a214c2f5e87bad3c948f4d605d)
Start importing Assets/ScifiOfficeLite/Prefabs/Lighting/Ceiling Lights/2D using Guid(a966283a628910941b403a29a841155e) Importer(2089858483,b0f066a214c2f5e87bad3c948f4d605d) (ScriptedImporter) -> (Import Result ID: '8a254a3998eda3c891d7461365a30567') in 0.0296769 seconds [static and dynamic dependencies]. Details - ImportResultOutputID=9a21e1de6984a37e8a0b7bc722167c80 DependenciesID=29a4464fecad3d814391ab9f49b398fd StaticDependenciesID=8cf28cf6d8be342f7127a861328cbe33 
Number of updated asset objects reloaded before import = 0Number of asset objects unloaded after import = 1

========================================================================
Received Import Request.
  Time since last request: 0.000169 seconds.
  path: Assets/ScifiOfficeLite/Prefabs/Tables/White Wood/Drawer Table Long White Wood Variant.prefab
  importAddress: Guid(0fc223096406f3d4d964af094cc016ab) Importer(2089858483,b0f066a214c2f5e87bad3c948f4d605d)
Start importing Assets/ScifiOfficeLite/Prefabs/Tables/White Wood/Drawer Table Long White Wood Variant.prefab using Guid(0fc223096406f3d4d964af094cc016ab) Importer(2089858483,b0f066a214c2f5e87bad3c948f4d605d) (ScriptedImporter) -> (Import Result ID: '7d5a841553ce1dcff958a372fb58046d') in 0.0519443 seconds [static and dynamic dependencies]. Details - ImportResultOutputID=ecadae742e5ceefa9521f7348327aad0 DependenciesID=53e1fffcd3c0cde26eac3334611a9851 StaticDependenciesID=97658c3396dd9922144c8ebaf8d9b6a2 
Number of updated asset objects reloaded before import = 0Number of asset objects unloaded after import = 122

========================================================================
Received Import Request.
  Time since last request: 0.000051 seconds.
  path: Assets/ScifiOfficeLite/Meshes/Textures/Interactables and Doors/Doors
  importAddress: Guid(e2994d4b5e3cf964b829d062881dda6e) Importer(2089858483,b0f066a214c2f5e87bad3c948f4d605d)
Start importing Assets/ScifiOfficeLite/Meshes/Textures/Interactables and Doors/Doors using Guid(e2994d4b5e3cf964b829d062881dda6e) Importer(2089858483,b0f066a214c2f5e87bad3c948f4d605d) (ScriptedImporter) -> (Import Result ID: 'cefd50a171522c1074d3fc53a961d099') in 0.0195692 seconds [static and dynamic dependencies]. Details - ImportResultOutputID=c65cab977c0fcb77c70efd1e0a4127e3 DependenciesID=2d1e9f7f317f410d4df606670bfa3b12 StaticDependenciesID=833fc48b34dd29c74bc05c9d353d12db 
Number of updated asset objects reloaded before import = 0Number of asset objects unloaded after import = 1

========================================================================
Received Import Request.
  Time since last request: 0.000051 seconds.
  path: Assets/ScifiOfficeLite/Meshes/Textures/Environment/Table texture set/Table Texture set 3/Table texture set 3_Normal.png
  importAddress: Guid(4f73e43bff490cf48978a095cc9dcae9) Importer(2089858483,b0f066a214c2f5e87bad3c948f4d605d)
Start importing Assets/ScifiOfficeLite/Meshes/Textures/Environment/Table texture set/Table Texture set 3/Table texture set 3_Normal.png using Guid(4f73e43bff490cf48978a095cc9dcae9) Importer(2089858483,b0f066a214c2f5e87bad3c948f4d605d) (ScriptedImporter) -> (Import Result ID: '52ffc81f4b3c83d74ea872c44e57cd05') in 0.0562119 seconds [static and dynamic dependencies]. Details - ImportResultOutputID=14f22d89d5d999c47d9ad456831d04fb DependenciesID=e0e47e8cfb7d42aaf80cabbfbb546d14 StaticDependenciesID=dc07276150a1e6b65b66f1f209f6a56b 
Number of updated asset objects reloaded before import = 0Number of asset objects unloaded after import = 1

========================================================================
Received Import Request.
  Time since last request: 0.000275 seconds.
  path: Assets/ScifiOfficeLite/Meshes/Walls/Wall Top Piece 1.FBX
  importAddress: Guid(4873fc9788a58944891c70586f2a565b) Importer(2089858483,b0f066a214c2f5e87bad3c948f4d605d)
Start importing Assets/ScifiOfficeLite/Meshes/Walls/Wall Top Piece 1.FBX using Guid(4873fc9788a58944891c70586f2a565b) Importer(2089858483,b0f066a214c2f5e87bad3c948f4d605d) (ScriptedImporter) -> (Import Result ID: '8db51c690f466edef2d96c1bb5977a5a') in 0.0448333 seconds [static and dynamic dependencies]. Details - ImportResultOutputID=fab92096909b4a25246035f623105d6c DependenciesID=0405e8d60c9448fc0f5943c533e45581 StaticDependenciesID=5b60365658e3685560cf5eecc57d65c7 
Number of updated asset objects reloaded before import = 0Number of asset objects unloaded after import = 8

========================================================================
Received Import Request.
  Time since last request: 0.000044 seconds.
  path: Assets/ScifiOfficeLite/Prefabs/Tables/Table Set 1 Dark Oak.prefab
  importAddress: Guid(45276250b71dd9f4488e3be0523a1e35) Importer(2089858483,b0f066a214c2f5e87bad3c948f4d605d)
Start importing Assets/ScifiOfficeLite/Prefabs/Tables/Table Set 1 Dark Oak.prefab using Guid(45276250b71dd9f4488e3be0523a1e35) Importer(2089858483,b0f066a214c2f5e87bad3c948f4d605d) (ScriptedImporter) -> (Import Result ID: '50543bb561b10065c2d7703facecb280') in 0.0269074 seconds [static and dynamic dependencies]. Details - ImportResultOutputID=d01954783c18afc03fef2e071166b2e5 DependenciesID=24bc3f3d52f71f8a9822249a725f9935 StaticDependenciesID=80f736b31e352dce1f602d62ac575b44 
Number of updated asset objects reloaded before import = 0Number of asset objects unloaded after import = 67

========================================================================
Received Import Request.
  Time since last request: 0.000038 seconds.
  path: Assets/ScifiOfficeLite/Meshes/Textures/Environment/Techware/Keyboard props texture/Keyboard Props_Maskmap.png
  importAddress: Guid(7d4d2c52a21e0ca47b62474a7f9f6e74) Importer(2089858483,b0f066a214c2f5e87bad3c948f4d605d)
Start importing Assets/ScifiOfficeLite/Meshes/Textures/Environment/Techware/Keyboard props texture/Keyboard Props_Maskmap.png using Guid(7d4d2c52a21e0ca47b62474a7f9f6e74) Importer(2089858483,b0f066a214c2f5e87bad3c948f4d605d) (ScriptedImporter) -> (Import Result ID: 'b17580a859915a9dcef7a40033f6c346') in 0.0276568 seconds [static and dynamic dependencies]. Details - ImportResultOutputID=af06db64f3808177be331aabf094a9ed DependenciesID=78d1e396c07a60230a8bc7e30ba439a1 StaticDependenciesID=6aa84742698e090c66e7a1bd57f24100 
Number of updated asset objects reloaded before import = 0Number of asset objects unloaded after import = 1

========================================================================
Received Import Request.
  Time since last request: 0.000053 seconds.
  path: Assets/ScifiOfficeLite/Meshes/Textures/Environment/Table texture set/Table Props/shelf_MaskMap.png
  importAddress: Guid(90611c0968b9db143b1f58be5a4595b9) Importer(2089858483,b0f066a214c2f5e87bad3c948f4d605d)
Start importing Assets/ScifiOfficeLite/Meshes/Textures/Environment/Table texture set/Table Props/shelf_MaskMap.png using Guid(90611c0968b9db143b1f58be5a4595b9) Importer(2089858483,b0f066a214c2f5e87bad3c948f4d605d) (ScriptedImporter) -> (Import Result ID: 'c2f24d47806d05a08305de8c07faa884') in 0.0268283 seconds [static and dynamic dependencies]. Details - ImportResultOutputID=a9919f432e3b04874c931d3d9f217bff DependenciesID=4dfabd2529f9c62adb1edbbcd6cf31a4 StaticDependenciesID=ac95aba122d989ba1cdaa00f5cfd9c0e 
Number of updated asset objects reloaded before import = 0Number of asset objects unloaded after import = 1

========================================================================
Received Import Request.
  Time since last request: 0.000037 seconds.
  path: Assets/ScifiOfficeLite/Meshes/Textures/Environment/Techware/Techware_Normal.png
  importAddress: Guid(feb6553c14d1156418360e77ec9e772b) Importer(2089858483,b0f066a214c2f5e87bad3c948f4d605d)
Start importing Assets/ScifiOfficeLite/Meshes/Textures/Environment/Techware/Techware_Normal.png using Guid(feb6553c14d1156418360e77ec9e772b) Importer(2089858483,b0f066a214c2f5e87bad3c948f4d605d) (ScriptedImporter) -> (Import Result ID: '27eedbb55d599ec83e8dd58be5cddfde') in 0.0255198 seconds [static and dynamic dependencies]. Details - ImportResultOutputID=19a0d066dfc274015a7224b9635d6bb8 DependenciesID=aa4c8fe7e79c7ae16a6c0c3f4bc4564e StaticDependenciesID=1ed30eaae0848c63c3d32266ec541bce 
Number of updated asset objects reloaded before import = 0Number of asset objects unloaded after import = 1

========================================================================
Received Import Request.
  Time since last request: 0.000113 seconds.
  path: Assets/ScifiOfficeLite/Meshes/Office Interior/Computers
  importAddress: Guid(3d0ff6bd62a9ca64188ba02d8a2035eb) Importer(2089858483,b0f066a214c2f5e87bad3c948f4d605d)
Start importing Assets/ScifiOfficeLite/Meshes/Office Interior/Computers using Guid(3d0ff6bd62a9ca64188ba02d8a2035eb) Importer(2089858483,b0f066a214c2f5e87bad3c948f4d605d) (ScriptedImporter) -> (Import Result ID: '2329a070dd54831cb15a50a9f5af4358') in 0.0122443 seconds [static and dynamic dependencies]. Details - ImportResultOutputID=339ffa0ab54d5f896ef6b63fc8357902 DependenciesID=5f935ec0e2ec0b1fd657c8aee20b4d55 StaticDependenciesID=9128de224ce7fd46c25378a853af3d33 
Number of updated asset objects reloaded before import = 0Number of asset objects unloaded after import = 1

========================================================================
Received Import Request.
  Time since last request: 0.000408 seconds.
  path: Assets/ScifiOfficeLite/Meshes/Textures/Environment/Lights/Ceiling_lights_lo_Diffuse.png
  importAddress: Guid(414a7e3e985aed84aa470b03519e2584) Importer(2089858483,b0f066a214c2f5e87bad3c948f4d605d)
Start importing Assets/ScifiOfficeLite/Meshes/Textures/Environment/Lights/Ceiling_lights_lo_Diffuse.png using Guid(414a7e3e985aed84aa470b03519e2584) Importer(2089858483,b0f066a214c2f5e87bad3c948f4d605d) (ScriptedImporter) -> (Import Result ID: 'f9c47c2d8e32c0350b5926893d72db85') in 0.0234759 seconds [static and dynamic dependencies]. Details - ImportResultOutputID=f0010693a2d463eede90ac5b375ccf02 DependenciesID=f5c0b399fc3e082cb9944b49e14ec7d9 StaticDependenciesID=a6f445a25a8c5de8533b7e3b472b2812 
Number of updated asset objects reloaded before import = 0Number of asset objects unloaded after import = 1

========================================================================
Received Import Request.
  Time since last request: 0.000146 seconds.
  path: Assets/ScifiOfficeLite/Meshes/Textures/Environment/Table texture set/Table Props/crates_1001_AlbedoTransparency.png
  importAddress: Guid(3161bb7b82d620c48958d0a5f216ead7) Importer(2089858483,b0f066a214c2f5e87bad3c948f4d605d)
Start importing Assets/ScifiOfficeLite/Meshes/Textures/Environment/Table texture set/Table Props/crates_1001_AlbedoTransparency.png using Guid(3161bb7b82d620c48958d0a5f216ead7) Importer(2089858483,b0f066a214c2f5e87bad3c948f4d605d) (ScriptedImporter) -> (Import Result ID: '520ced3decd1792d56ddea351682fc66') in 0.0228 seconds [static and dynamic dependencies]. Details - ImportResultOutputID=dd40c794a7cd5279e63e7d096632459b DependenciesID=1768501661234f8e68b8ea4d688043e5 StaticDependenciesID=f3f2a313143168fe7cf74e208d2eed8f 
Number of updated asset objects reloaded before import = 0Number of asset objects unloaded after import = 1

========================================================================
Received Import Request.
  Time since last request: 0.000038 seconds.
  path: Assets/ScifiOfficeLite/Meshes/Textures/Environment/Chair set/Chair Set _Height.png
  importAddress: Guid(0dd885a1f5be205438d2c99abbaeec74) Importer(2089858483,b0f066a214c2f5e87bad3c948f4d605d)
Start importing Assets/ScifiOfficeLite/Meshes/Textures/Environment/Chair set/Chair Set _Height.png using Guid(0dd885a1f5be205438d2c99abbaeec74) Importer(2089858483,b0f066a214c2f5e87bad3c948f4d605d) (ScriptedImporter) -> (Import Result ID: '847aa5e05ad808bacf3dbe6b93ef7613') in 0.0202915 seconds [static and dynamic dependencies]. Details - ImportResultOutputID=4dea567fe717b7fa88c63d5b0c9138ff DependenciesID=2ef5c39b331dadb35769fbd459d24796 StaticDependenciesID=02b62eb9e917fc01a474ad732499291d 
Number of updated asset objects reloaded before import = 0Number of asset objects unloaded after import = 1

========================================================================
Received Import Request.
  Time since last request: 0.000083 seconds.
  path: Assets/ScifiOfficeLite
  importAddress: Guid(dd48cffb18e4d674fb2250036585a10b) Importer(2089858483,b0f066a214c2f5e87bad3c948f4d605d)
Start importing Assets/ScifiOfficeLite using Guid(dd48cffb18e4d674fb2250036585a10b) Importer(2089858483,b0f066a214c2f5e87bad3c948f4d605d) (ScriptedImporter) -> (Import Result ID: '5c043ca78abc893f572ef890bccb21b7') in 0.0120035 seconds [static and dynamic dependencies]. Details - ImportResultOutputID=570344cfe2d737cb6633a97b79353819 DependenciesID=7b50bca051eeefe3daa54957c573a874 StaticDependenciesID=5e698ce17d1a3d03941dc65ae36c54b6 
Number of updated asset objects reloaded before import = 0Number of asset objects unloaded after import = 1

========================================================================
Received Import Request.
  Time since last request: 0.000070 seconds.
  path: Assets/ScifiOfficeLite/Prefabs/Tables
  importAddress: Guid(30f8ad2042ee31048a0894934f751dce) Importer(2089858483,b0f066a214c2f5e87bad3c948f4d605d)
Start importing Assets/ScifiOfficeLite/Prefabs/Tables using Guid(30f8ad2042ee31048a0894934f751dce) Importer(2089858483,b0f066a214c2f5e87bad3c948f4d605d) (ScriptedImporter) -> (Import Result ID: 'a14c6e88713e5c48e32346badb7426d3') in 0.0099493 seconds [static and dynamic dependencies]. Details - ImportResultOutputID=7ad81f046ae157c4fd57502133a83288 DependenciesID=59a33ca122610745b82aecbacc803b51 StaticDependenciesID=2a46e5fdc37fd78b85a3e45fcc1fd41e 
Number of updated asset objects reloaded before import = 0Number of asset objects unloaded after import = 1

========================================================================
Received Import Request.
  Time since last request: 0.000077 seconds.
  path: Assets/ScifiOfficeLite/Meshes/Textures/Environment/Techware/Keyboard props texture/Keyboard Props_Height.png
  importAddress: Guid(94a07b862566eab49a59fdb9f8b95753) Importer(2089858483,b0f066a214c2f5e87bad3c948f4d605d)
Start importing Assets/ScifiOfficeLite/Meshes/Textures/Environment/Techware/Keyboard props texture/Keyboard Props_Height.png using Guid(94a07b862566eab49a59fdb9f8b95753) Importer(2089858483,b0f066a214c2f5e87bad3c948f4d605d) (ScriptedImporter) -> (Import Result ID: '4cea19ad4e247344ad76b865b79842ca') in 0.0264884 seconds [static and dynamic dependencies]. Details - ImportResultOutputID=a2927b1aad749ebf897db8f2c1f57e63 DependenciesID=50c6af0c6e0224a12a8eff2abdb7f264 StaticDependenciesID=77bcc3bd7fb4560b20ba7fca8dbd1171 
Number of updated asset objects reloaded before import = 0Number of asset objects unloaded after import = 1

========================================================================
Received Import Request.
  Time since last request: 0.000164 seconds.
  path: Assets/ScifiOfficeLite/Meshes/Walls/Wall 2 Half.FBX
  importAddress: Guid(2506e085753a9db4fbe8479c1d42a7c5) Importer(2089858483,b0f066a214c2f5e87bad3c948f4d605d)
Start importing Assets/ScifiOfficeLite/Meshes/Walls/Wall 2 Half.FBX using Guid(2506e085753a9db4fbe8479c1d42a7c5) Importer(2089858483,b0f066a214c2f5e87bad3c948f4d605d) (ScriptedImporter) -> (Import Result ID: '8e04834398e03b9fb21ee0afeaa890c9') in 0.0421593 seconds [static and dynamic dependencies]. Details - ImportResultOutputID=5ac2d14def59a2cf8654d5c189e26b66 DependenciesID=0c1a6cf54977caf433eac85a336c4404 StaticDependenciesID=76848854062e3583fd8ed3d5e127924a 
Number of updated asset objects reloaded before import = 0Number of asset objects unloaded after import = 8

========================================================================
Received Import Request.
  Time since last request: 0.000036 seconds.
  path: Assets/ScifiOfficeLite/Meshes/Office Interior
  importAddress: Guid(90a78455a2353304ab18014cf93b4227) Importer(2089858483,b0f066a214c2f5e87bad3c948f4d605d)
Start importing Assets/ScifiOfficeLite/Meshes/Office Interior using Guid(90a78455a2353304ab18014cf93b4227) Importer(2089858483,b0f066a214c2f5e87bad3c948f4d605d) (ScriptedImporter) -> (Import Result ID: 'a1436fcf8a19252f5ab477fc2f1c7332') in 0.0102366 seconds [static and dynamic dependencies]. Details - ImportResultOutputID=2eb7fd280cfda1d7aa9b7fcb0273c12b DependenciesID=0b2354efaa5fd45a2eca4347ce11500c StaticDependenciesID=d5a465eda3513dd7ace640e33b6d70d8 
Number of updated asset objects reloaded before import = 0Number of asset objects unloaded after import = 1

========================================================================
Received Import Request.
  Time since last request: 0.000050 seconds.
  path: Assets/ScifiOfficeLite/Meshes/Materials/Interactables and Doors
  importAddress: Guid(69d0ad1a94c19ba47bfe5f45a14be6ed) Importer(2089858483,b0f066a214c2f5e87bad3c948f4d605d)
Start importing Assets/ScifiOfficeLite/Meshes/Materials/Interactables and Doors using Guid(69d0ad1a94c19ba47bfe5f45a14be6ed) Importer(2089858483,b0f066a214c2f5e87bad3c948f4d605d) (ScriptedImporter) -> (Import Result ID: 'fcec1aa1af15d19234517ec6d42ba4f6') in 0.0062798 seconds [static and dynamic dependencies]. Details - ImportResultOutputID=54ecc7965cfccc651d0df1cb8f67aa32 DependenciesID=e941424ac67b32df0366db69ef62b997 StaticDependenciesID=cd6ae10cb57a40e60c5176e2c43f3d10 
Number of updated asset objects reloaded before import = 0Number of asset objects unloaded after import = 1

========================================================================
Received Import Request.
  Time since last request: 0.000455 seconds.
  path: Assets/ScifiOfficeLite/Scripts/DemoFirstPersonController.cs
  importAddress: Guid(1ecdae056ad6f954496b395d7469d96e) Importer(2089858483,b0f066a214c2f5e87bad3c948f4d605d)
Start importing Assets/ScifiOfficeLite/Scripts/DemoFirstPersonController.cs using Guid(1ecdae056ad6f954496b395d7469d96e) Importer(2089858483,b0f066a214c2f5e87bad3c948f4d605d) (ScriptedImporter) -> (Import Result ID: '496271196635685e9a493ed8c4942d5f') in 0.015094 seconds [static and dynamic dependencies]. Details - ImportResultOutputID=344014a8e5b999ac0020b34dba12d4af DependenciesID=76ec24f3d38e46306168afa93a7d48ee StaticDependenciesID=289e67f9b7ff02f22706791d28f36d57 
Number of updated asset objects reloaded before import = 0Number of asset objects unloaded after import = 0

========================================================================
Received Import Request.
  Time since last request: 0.000541 seconds.
  path: Assets/ScifiOfficeLite/Meshes
  importAddress: Guid(092d6f8b6c1f1724998ada95645b18e7) Importer(2089858483,b0f066a214c2f5e87bad3c948f4d605d)
Start importing Assets/ScifiOfficeLite/Meshes using Guid(092d6f8b6c1f1724998ada95645b18e7) Importer(2089858483,b0f066a214c2f5e87bad3c948f4d605d) (ScriptedImporter) -> (Import Result ID: 'e200ea8129b06eb188e71fe95490d0da') in 0.0086313 seconds [static and dynamic dependencies]. Details - ImportResultOutputID=61cb830e6788df7e412edb478965ba07 DependenciesID=eef6c50ebbf92de3382fe8345740675c StaticDependenciesID=98c544a5b614fb3be3a36bfa492d1f22 
Number of updated asset objects reloaded before import = 0Number of asset objects unloaded after import = 1

========================================================================
Received Import Request.
  Time since last request: 0.000032 seconds.
  path: Assets/ScifiOfficeLite/Meshes/Textures/Environment/Table texture set/Table Texture set 2/Table texture set 2_Normal.png
  importAddress: Guid(dddc0f038ce7f5641b05cf7d54947404) Importer(2089858483,b0f066a214c2f5e87bad3c948f4d605d)
Start importing Assets/ScifiOfficeLite/Meshes/Textures/Environment/Table texture set/Table Texture set 2/Table texture set 2_Normal.png using Guid(dddc0f038ce7f5641b05cf7d54947404) Importer(2089858483,b0f066a214c2f5e87bad3c948f4d605d) (ScriptedImporter) -> (Import Result ID: '8f1d51cd4b116a0f5a6473e7c9e2c112') in 0.0241637 seconds [static and dynamic dependencies]. Details - ImportResultOutputID=8cb229aaffc261d1d9f4091c1c372ffd DependenciesID=2529622341bccbe4714f5c5beff43ba1 StaticDependenciesID=c56df752da8c99f73fcf51449132806e 
Number of updated asset objects reloaded before import = 0Number of asset objects unloaded after import = 1

========================================================================
Received Import Request.
  Time since last request: 0.000034 seconds.
  path: Assets/ScifiOfficeLite/Meshes/Textures/Environment/Table texture set/Table Texture Set 5/Table texture set 5_Diffuse.png
  importAddress: Guid(cdee4335cb3be3c4a8bf68e818113628) Importer(2089858483,b0f066a214c2f5e87bad3c948f4d605d)
Start importing Assets/ScifiOfficeLite/Meshes/Textures/Environment/Table texture set/Table Texture Set 5/Table texture set 5_Diffuse.png using Guid(cdee4335cb3be3c4a8bf68e818113628) Importer(2089858483,b0f066a214c2f5e87bad3c948f4d605d) (ScriptedImporter) -> (Import Result ID: '7a704d13f0c6e67008299c77c61cefa9') in 0.0264266 seconds [static and dynamic dependencies]. Details - ImportResultOutputID=54dc4f3e9649469351dcd68179348735 DependenciesID=09111b8bf0120420e51351d6023580d5 StaticDependenciesID=dc41d0fbf5f5683a1f34f21dcc31abe5 
Number of updated asset objects reloaded before import = 0Number of asset objects unloaded after import = 1

========================================================================
Received Import Request.
  Time since last request: 0.000070 seconds.
  path: Assets/ScifiOfficeLite/Meshes/Textures/Environment/Chair set/Type 2/Chair Set T2_Maskmap.png
  importAddress: Guid(c46819709275f2b45a12ed860725e6e1) Importer(2089858483,b0f066a214c2f5e87bad3c948f4d605d)
Start importing Assets/ScifiOfficeLite/Meshes/Textures/Environment/Chair set/Type 2/Chair Set T2_Maskmap.png using Guid(c46819709275f2b45a12ed860725e6e1) Importer(2089858483,b0f066a214c2f5e87bad3c948f4d605d) (ScriptedImporter) -> (Import Result ID: 'ac664c60d16183a0f38e03903a00bdc0') in 0.0330842 seconds [static and dynamic dependencies]. Details - ImportResultOutputID=626e7b6474be7a1fbf34f6914e29f65c DependenciesID=7ebb941da2dbd3dd53f001579ef6dd66 StaticDependenciesID=5320d1a5ed4e15b425217585045409cd 
Number of updated asset objects reloaded before import = 0Number of asset objects unloaded after import = 1

========================================================================
Received Import Request.
  Time since last request: 0.000029 seconds.
  path: Assets/ScifiOfficeLite/Meshes/Sci-Fi Environment/Mechanical Arm 1.FBX
  importAddress: Guid(2f3f5fc949fea6f46b038941d7fd2e4c) Importer(2089858483,b0f066a214c2f5e87bad3c948f4d605d)
Start importing Assets/ScifiOfficeLite/Meshes/Sci-Fi Environment/Mechanical Arm 1.FBX using Guid(2f3f5fc949fea6f46b038941d7fd2e4c) Importer(2089858483,b0f066a214c2f5e87bad3c948f4d605d) (ScriptedImporter) -> (Import Result ID: '3b4de60f948646780e2e092ec6b0dd15') in 0.0458972 seconds [static and dynamic dependencies]. Details - ImportResultOutputID=0a79c612b3942753006f978314455c2b DependenciesID=2be96c8a4be10c55c53cbd0e73b77359 StaticDependenciesID=b1632064e836951e0e45fd682ee1175f 
Number of updated asset objects reloaded before import = 0Number of asset objects unloaded after import = 113

========================================================================
Received Import Request.
  Time since last request: 0.000031 seconds.
  path: Assets/ScifiOfficeLite/Meshes/Textures/Environment/Table texture set/Table Props/tray_1001_AlbedoTransparency.png
  importAddress: Guid(80f270783be6d7f48b3b83955102e13f) Importer(2089858483,b0f066a214c2f5e87bad3c948f4d605d)
Start importing Assets/ScifiOfficeLite/Meshes/Textures/Environment/Table texture set/Table Props/tray_1001_AlbedoTransparency.png using Guid(80f270783be6d7f48b3b83955102e13f) Importer(2089858483,b0f066a214c2f5e87bad3c948f4d605d) (ScriptedImporter) -> (Import Result ID: '86c1ce75f2d2d4169bfa26195b236962') in 0.0248077 seconds [static and dynamic dependencies]. Details - ImportResultOutputID=b654bcdce52fae3ac6cb25721a7770f6 DependenciesID=8ab65bb985a17716d47e753c17a790ae StaticDependenciesID=a890b4c3e011c2ccfa5353513c351b0d 
Number of updated asset objects reloaded before import = 0Number of asset objects unloaded after import = 1

========================================================================
Received Import Request.
  Time since last request: 0.000034 seconds.
  path: Assets/JustPlay/Сomputer devices/Objects/Monitor/Monitor.fbx
  importAddress: Guid(6a2f98c1e8df30f42a76d8837aba3a40) Importer(2089858483,b0f066a214c2f5e87bad3c948f4d605d)
Start importing Assets/JustPlay/Сomputer devices/Objects/Monitor/Monitor.fbx using Guid(6a2f98c1e8df30f42a76d8837aba3a40) Importer(2089858483,b0f066a214c2f5e87bad3c948f4d605d) (ScriptedImporter) -> (Import Result ID: 'a4abe7862e4424f64ff19276cb9f41b0') in 0.0328609 seconds [static and dynamic dependencies]. Details - ImportResultOutputID=fd9bcb4323a37cd64083b3cfaf27a193 DependenciesID=5c6a0834f6aa115902d23eedf83517a4 StaticDependenciesID=3b418b8bb677c3377bf598210352a711 
Number of updated asset objects reloaded before import = 0Number of asset objects unloaded after import = 20

========================================================================
Received Import Request.
  Time since last request: 0.000044 seconds.
  path: Assets/JustPlay/Сomputer devices/Objects/Speakers/Textures/Normal.png
  importAddress: Guid(9826b8e677931154e9d29c67a07aa67d) Importer(2089858483,b0f066a214c2f5e87bad3c948f4d605d)
Start importing Assets/JustPlay/Сomputer devices/Objects/Speakers/Textures/Normal.png using Guid(9826b8e677931154e9d29c67a07aa67d) Importer(2089858483,b0f066a214c2f5e87bad3c948f4d605d) (ScriptedImporter) -> (Import Result ID: '536870127995db36d99e4a34507ff158') in 0.024713 seconds [static and dynamic dependencies]. Details - ImportResultOutputID=a2e172c0fc45ddd6c48ea6a27034c49f DependenciesID=3cb75d03d16da5e0d526d739e7cec0ca StaticDependenciesID=ad5e2667d9ca33ea992f607bc58e9135 
Number of updated asset objects reloaded before import = 0Number of asset objects unloaded after import = 1

========================================================================
Received Import Request.
  Time since last request: 0.000453 seconds.
  path: Assets/JustPlay/Сomputer devices/Prefabs/Router.prefab
  importAddress: Guid(f86cbf9cbdff6854ba30edbf2a19c8e1) Importer(2089858483,b0f066a214c2f5e87bad3c948f4d605d)
Start importing Assets/JustPlay/Сomputer devices/Prefabs/Router.prefab using Guid(f86cbf9cbdff6854ba30edbf2a19c8e1) Importer(2089858483,b0f066a214c2f5e87bad3c948f4d605d) (ScriptedImporter) -> (Import Result ID: 'a6786712e602aa16b3f562d758820c56') in 0.0178875 seconds [static and dynamic dependencies]. Details - ImportResultOutputID=5d7067c3807113d3e4cf67b504af9bbd DependenciesID=1fe6385ba0a41a651afc202cdc4cae32 StaticDependenciesID=e3e8267b031494de1c09b0ff9e6c9419 
Number of updated asset objects reloaded before import = 0Number of asset objects unloaded after import = 21

========================================================================
Received Import Request.
  Time since last request: 0.000032 seconds.
  path: Assets/ScifiOfficeLite/Prefabs/Wall/Wall Top Piece Half.prefab
  importAddress: Guid(0429fb44681fb8f4d94ebb763bfad5ff) Importer(2089858483,b0f066a214c2f5e87bad3c948f4d605d)
Start importing Assets/ScifiOfficeLite/Prefabs/Wall/Wall Top Piece Half.prefab using Guid(0429fb44681fb8f4d94ebb763bfad5ff) Importer(2089858483,b0f066a214c2f5e87bad3c948f4d605d) (ScriptedImporter) -> (Import Result ID: 'b2e8ccaf9ec8085c2847258ef23c4b76') in 0.0205118 seconds [static and dynamic dependencies]. Details - ImportResultOutputID=31cdd541e012f56932ff4db94c1e8be5 DependenciesID=72415354efa48878a591e02eff50421a StaticDependenciesID=5fe7672ef4ee45f030cffc2a9e858248 
Number of updated asset objects reloaded before import = 0Number of asset objects unloaded after import = 9

========================================================================
Received Import Request.
  Time since last request: 0.000030 seconds.
  path: Assets/ScifiOfficeLite/Meshes/Office Interior/Computers/PC 2.FBX
  importAddress: Guid(7cae167e6c922de40938c7beea74be68) Importer(2089858483,b0f066a214c2f5e87bad3c948f4d605d)
Start importing Assets/ScifiOfficeLite/Meshes/Office Interior/Computers/PC 2.FBX using Guid(7cae167e6c922de40938c7beea74be68) Importer(2089858483,b0f066a214c2f5e87bad3c948f4d605d) (ScriptedImporter) -> (Import Result ID: 'e0fc270c04793f465da954e73b80ea0f') in 0.0216755 seconds [static and dynamic dependencies]. Details - ImportResultOutputID=c6c1c5e0055da153efe46e574897ed5e DependenciesID=a2e98aaf48f0258d3d9da6f9b11db971 StaticDependenciesID=80573d6277cc0314c144b6b98670ad4b 
Number of updated asset objects reloaded before import = 0Number of asset objects unloaded after import = 8

========================================================================
Received Import Request.
  Time since last request: 0.000036 seconds.
  path: Assets/room/Cosmic_Retro_Bedroom_Demo/Models/Retro_Bedroom_Desk_01.fbx
  importAddress: Guid(cd0c48e98d7c31e4cb35073832898494) Importer(2089858483,b0f066a214c2f5e87bad3c948f4d605d)
Start importing Assets/room/Cosmic_Retro_Bedroom_Demo/Models/Retro_Bedroom_Desk_01.fbx using Guid(cd0c48e98d7c31e4cb35073832898494) Importer(2089858483,b0f066a214c2f5e87bad3c948f4d605d) (ScriptedImporter) -> (Import Result ID: '0853c3c4d709e2d54ddb11d9255ef25e') in 0.0263315 seconds [static and dynamic dependencies]. Details - ImportResultOutputID=6c584953fca6c78920c7b196fcc461be DependenciesID=89b969f72966ae84de77837f072fc3cd StaticDependenciesID=90b80a533d5316ad45e9bd37c6f3623b 
Number of updated asset objects reloaded before import = 0Number of asset objects unloaded after import = 8

========================================================================
Received Import Request.
  Time since last request: 0.000040 seconds.
  path: Assets/ScifiOfficeLite/Prefabs/Wall/Wall Pillar 3.prefab
  importAddress: Guid(ffd39571c14682942b10081c3295091c) Importer(2089858483,b0f066a214c2f5e87bad3c948f4d605d)
Start importing Assets/ScifiOfficeLite/Prefabs/Wall/Wall Pillar 3.prefab using Guid(ffd39571c14682942b10081c3295091c) Importer(2089858483,b0f066a214c2f5e87bad3c948f4d605d) (ScriptedImporter) -> (Import Result ID: 'ed7571a178939a444b10f54948156760') in 0.0251287 seconds [static and dynamic dependencies]. Details - ImportResultOutputID=60bc2c8114c909a410669b8ada4e9813 DependenciesID=4ad61a3e4b0415a1d67c983149535a22 StaticDependenciesID=311cf8bced1bebc36ff1f5f486b7d5c1 
Number of updated asset objects reloaded before import = 0Number of asset objects unloaded after import = 10

========================================================================
Received Import Request.
  Time since last request: 0.000030 seconds.
  path: Assets/ScifiOfficeLite/Prefabs/Tech Accessories/Mechanical arm 1 Variant.prefab
  importAddress: Guid(eaf9a67de8e9dd640a36a34bbe5c59cd) Importer(2089858483,b0f066a214c2f5e87bad3c948f4d605d)
Start importing Assets/ScifiOfficeLite/Prefabs/Tech Accessories/Mechanical arm 1 Variant.prefab using Guid(eaf9a67de8e9dd640a36a34bbe5c59cd) Importer(2089858483,b0f066a214c2f5e87bad3c948f4d605d) (ScriptedImporter) -> (Import Result ID: '9f2b764088b1ad5bb907672deb574b55') in 0.0235043 seconds [static and dynamic dependencies]. Details - ImportResultOutputID=fd449375c22880b1fbfd73c64338817d DependenciesID=a243e0d5a809343ff642501daa2a4a37 StaticDependenciesID=dda0884a07c26742f7258661f14c344c 
Number of updated asset objects reloaded before import = 0Number of asset objects unloaded after import = 258

========================================================================
Received Import Request.
  Time since last request: 0.000031 seconds.
  path: Assets/room/Cosmic_Retro_Bedroom_Demo/Prefabs/Retro_Bedroom_Desk_01.prefab
  importAddress: Guid(9adf30d12c0be5c46aa35997fb92c6cd) Importer(2089858483,b0f066a214c2f5e87bad3c948f4d605d)
Start importing Assets/room/Cosmic_Retro_Bedroom_Demo/Prefabs/Retro_Bedroom_Desk_01.prefab using Guid(9adf30d12c0be5c46aa35997fb92c6cd) Importer(2089858483,b0f066a214c2f5e87bad3c948f4d605d) (ScriptedImporter) -> (Import Result ID: '8647cbdd5ce7918af9144ba88b6c19c6') in 0.0258991 seconds [static and dynamic dependencies]. Details - ImportResultOutputID=ef9cda03389a639f00bcdccd0ffa43f3 DependenciesID=401e1df68893162805b3dc03b0088d91 StaticDependenciesID=845924271893c0f891f1ea2dcb398ee3 
Number of updated asset objects reloaded before import = 0Number of asset objects unloaded after import = 16

========================================================================
Received Import Request.
  Time since last request: 0.000042 seconds.
  path: Assets/room/Cosmic_Retro_Bedroom_Demo/Prefabs
  importAddress: Guid(8b99e44e1a82437459d980251b85c3f1) Importer(2089858483,b0f066a214c2f5e87bad3c948f4d605d)
Start importing Assets/room/Cosmic_Retro_Bedroom_Demo/Prefabs using Guid(8b99e44e1a82437459d980251b85c3f1) Importer(2089858483,b0f066a214c2f5e87bad3c948f4d605d) (ScriptedImporter) -> (Import Result ID: 'b06e76a7ccc9af02ea613dba65743b7e') in 0.0093197 seconds [static and dynamic dependencies]. Details - ImportResultOutputID=805126b8f4f560a978598edf284bdd0b DependenciesID=dbd4614d6fbcb2bf891230eb803b357a StaticDependenciesID=f3681eab6bdaa2894f4969087dcad880 
Number of updated asset objects reloaded before import = 0Number of asset objects unloaded after import = 1

========================================================================
Received Import Request.
  Time since last request: 0.000066 seconds.
  path: Assets/room/Cosmic_Retro_Bedroom_Demo
  importAddress: Guid(a3959920932148949a990f0f73de20e2) Importer(2089858483,b0f066a214c2f5e87bad3c948f4d605d)
Start importing Assets/room/Cosmic_Retro_Bedroom_Demo using Guid(a3959920932148949a990f0f73de20e2) Importer(2089858483,b0f066a214c2f5e87bad3c948f4d605d) (ScriptedImporter) -> (Import Result ID: 'd179e93b36cd729ad4dce7280ec6e442') in 0.0078288 seconds [static and dynamic dependencies]. Details - ImportResultOutputID=1055d6bf4efb8392ab45753ec667bb66 DependenciesID=80848c69073356aac97225903273b8b1 StaticDependenciesID=8fe7dbeb8981b799b44aca6e9cd39dea 
Number of updated asset objects reloaded before import = 0Number of asset objects unloaded after import = 1

========================================================================
Received Import Request.
  Time since last request: 0.000096 seconds.
  path: Assets/ScifiOfficeLite/Meshes/Textures/Environment/Lights/Ceiling_lights_lo_Emissive.png
  importAddress: Guid(a64c20280fdd6d847a9098d131028e61) Importer(2089858483,b0f066a214c2f5e87bad3c948f4d605d)
Start importing Assets/ScifiOfficeLite/Meshes/Textures/Environment/Lights/Ceiling_lights_lo_Emissive.png using Guid(a64c20280fdd6d847a9098d131028e61) Importer(2089858483,b0f066a214c2f5e87bad3c948f4d605d) (ScriptedImporter) -> (Import Result ID: '2b11ecbcab95b4e4a9bd4f0525f680b3') in 0.0250264 seconds [static and dynamic dependencies]. Details - ImportResultOutputID=62d1ed75d4583df4e554a50d5aa75602 DependenciesID=9a723481fdc1d6183fc35946339ed24b StaticDependenciesID=64679458991c4ca0eec1eaad8b98a519 
Number of updated asset objects reloaded before import = 0Number of asset objects unloaded after import = 1

========================================================================
Received Import Request.
  Time since last request: 0.000040 seconds.
  path: Assets/room/Cosmic_Retro_Bedroom_Demo/Models/Retro_Bedroom_floor_tile_01.fbx
  importAddress: Guid(bcaf697f44456e54ba18830da45ced15) Importer(2089858483,b0f066a214c2f5e87bad3c948f4d605d)
Start importing Assets/room/Cosmic_Retro_Bedroom_Demo/Models/Retro_Bedroom_floor_tile_01.fbx using Guid(bcaf697f44456e54ba18830da45ced15) Importer(2089858483,b0f066a214c2f5e87bad3c948f4d605d) (ScriptedImporter) -> (Import Result ID: '63cdd22c8a47b74eb81a3cc75bb2ed02') in 0.0225009 seconds [static and dynamic dependencies]. Details - ImportResultOutputID=fdf8c26fb0fd32100ef6976af44a511f DependenciesID=267dcfd69e1658f3ffe53ea789c871b8 StaticDependenciesID=f97f13da8ff31928f8d26b19fb6b2a92 
Number of updated asset objects reloaded before import = 0Number of asset objects unloaded after import = 8

========================================================================
Received Import Request.
  Time since last request: 0.000043 seconds.
  path: Assets/Materials
  importAddress: Guid(98d02677a414c9549abcc6e588c2b026) Importer(2089858483,b0f066a214c2f5e87bad3c948f4d605d)
Start importing Assets/Materials using Guid(98d02677a414c9549abcc6e588c2b026) Importer(2089858483,b0f066a214c2f5e87bad3c948f4d605d) (ScriptedImporter) -> (Import Result ID: 'e2a6d7b3b23aca50d22b700310c2dcc9') in 0.00772 seconds [static and dynamic dependencies]. Details - ImportResultOutputID=ae37ac04958cce625e20ffd636364d68 DependenciesID=efe80ec28388781f64ee98fb1f1a47ed StaticDependenciesID=8e53758476cec9f0cbe01bed6f1a2bdd 
Number of updated asset objects reloaded before import = 0Number of asset objects unloaded after import = 1

========================================================================
Received Import Request.
  Time since last request: 0.000066 seconds.
  path: Assets/ScifiOfficeLite/Prefabs/Tables/White Wood/Table White Wood Variant.prefab
  importAddress: Guid(e69eb1afde9550f4b83fa3d849eb2aa2) Importer(2089858483,b0f066a214c2f5e87bad3c948f4d605d)
Start importing Assets/ScifiOfficeLite/Prefabs/Tables/White Wood/Table White Wood Variant.prefab using Guid(e69eb1afde9550f4b83fa3d849eb2aa2) Importer(2089858483,b0f066a214c2f5e87bad3c948f4d605d) (ScriptedImporter) -> (Import Result ID: '80666f58eacce6eea021cc6e229aec89') in 0.0271114 seconds [static and dynamic dependencies]. Details - ImportResultOutputID=81f326b0e7a29e066dbbd455de5226bf DependenciesID=3a63906b1d52cd92ee2cfc9d21ce139e StaticDependenciesID=8289f484829dc7ad03efbffb9b2276ee 
Number of updated asset objects reloaded before import = 0Number of asset objects unloaded after import = 37

========================================================================
Received Import Request.
  Time since last request: 0.000031 seconds.
  path: Assets/ScifiOfficeLite/Meshes/Textures/Environment/Table texture set/Table Texture Set 5/Table texture set 5_Height.png
  importAddress: Guid(db88d7b1144e49049b29db87f9c8f060) Importer(2089858483,b0f066a214c2f5e87bad3c948f4d605d)
Start importing Assets/ScifiOfficeLite/Meshes/Textures/Environment/Table texture set/Table Texture Set 5/Table texture set 5_Height.png using Guid(db88d7b1144e49049b29db87f9c8f060) Importer(2089858483,b0f066a214c2f5e87bad3c948f4d605d) (ScriptedImporter) -> (Import Result ID: '7d5fac0b0904650d69bf408b167c8bb4') in 0.022276 seconds [static and dynamic dependencies]. Details - ImportResultOutputID=5a6cca13efe04310f18f9a881608aeb4 DependenciesID=ff6848f6ac849ed996e5c20a35fb4741 StaticDependenciesID=d309878c85cd01660b1bbe1163a430e1 
Number of updated asset objects reloaded before import = 0Number of asset objects unloaded after import = 1

========================================================================
Received Import Request.
  Time since last request: 0.000100 seconds.
  path: Assets/Scenes/BootScene.unity
  importAddress: Guid(9fd3f8971c379584b8de22a0f9389812) Importer(2089858483,b0f066a214c2f5e87bad3c948f4d605d)
Start importing Assets/Scenes/BootScene.unity using Guid(9fd3f8971c379584b8de22a0f9389812) Importer(2089858483,b0f066a214c2f5e87bad3c948f4d605d) (ScriptedImporter) -> (Import Result ID: '5dbb2c04941ce4cbf9da4bc16fdbe335') in 0.0210092 seconds [static and dynamic dependencies]. Details - ImportResultOutputID=86e263e515a401921f29dc9188d40b60 DependenciesID=a390d17526964586633640efa45d992f StaticDependenciesID=1743ce985abe41450f1e07cf733846c7 
Number of updated asset objects reloaded before import = 0Number of asset objects unloaded after import = 1

========================================================================
Received Import Request.
  Time since last request: 0.000151 seconds.
  path: Assets/room/Cosmic_Retro_Bedroom_Demo/Prefabs/Retro_Bedroom_Laptop_02.prefab
  importAddress: Guid(6c849285c20ace344a88ebb1cc1db8a0) Importer(2089858483,b0f066a214c2f5e87bad3c948f4d605d)
Start importing Assets/room/Cosmic_Retro_Bedroom_Demo/Prefabs/Retro_Bedroom_Laptop_02.prefab using Guid(6c849285c20ace344a88ebb1cc1db8a0) Importer(2089858483,b0f066a214c2f5e87bad3c948f4d605d) (ScriptedImporter) -> (Import Result ID: '98024a00e1ebe96102fd7e4617d01358') in 0.0281723 seconds [static and dynamic dependencies]. Details - ImportResultOutputID=f9e17b63d8421cd3fb47700b07024aa8 DependenciesID=efc7a2d22b14d01aef266b3e8b5386aa StaticDependenciesID=869bbc422c7e2b9a957f351c0b4aaab3 
Number of updated asset objects reloaded before import = 0Number of asset objects unloaded after import = 24

========================================================================
Received Import Request.
  Time since last request: 0.000037 seconds.
  path: Assets/ScifiOfficeLite/Meshes/Textures/Environment/Table texture set/Table Texture set 2/Table texture set 2_Diffuse.png
  importAddress: Guid(f718bbb7b16005043be808980df73dc6) Importer(2089858483,b0f066a214c2f5e87bad3c948f4d605d)
Start importing Assets/ScifiOfficeLite/Meshes/Textures/Environment/Table texture set/Table Texture set 2/Table texture set 2_Diffuse.png using Guid(f718bbb7b16005043be808980df73dc6) Importer(2089858483,b0f066a214c2f5e87bad3c948f4d605d) (ScriptedImporter) -> (Import Result ID: '242b3b584f5d69c3da64f04d6fb428e2') in 0.0240182 seconds [static and dynamic dependencies]. Details - ImportResultOutputID=e79a047ab7c3657a5aa201393bfad193 DependenciesID=e9b322e61acba07e76fe32b1c58074d0 StaticDependenciesID=29df7b9cff1e396258b0474e20049d8a 
Number of updated asset objects reloaded before import = 0Number of asset objects unloaded after import = 1

========================================================================
Received Import Request.
  Time since last request: 0.000072 seconds.
  path: Assets/room/Cosmic_Retro_Bedroom_Demo/Textures/Cosmic_Retro_Bedroom_Emissive.png
  importAddress: Guid(682318f5458cab1449788e216475e4b6) Importer(2089858483,b0f066a214c2f5e87bad3c948f4d605d)
Start importing Assets/room/Cosmic_Retro_Bedroom_Demo/Textures/Cosmic_Retro_Bedroom_Emissive.png using Guid(682318f5458cab1449788e216475e4b6) Importer(2089858483,b0f066a214c2f5e87bad3c948f4d605d) (ScriptedImporter) -> (Import Result ID: '3db918789e3460ec7f995e40af84afed') in 0.0256859 seconds [static and dynamic dependencies]. Details - ImportResultOutputID=72b0da6c383efcf7580cf5ced2b23f56 DependenciesID=c07051bf58bf50609cc0a79157c98278 StaticDependenciesID=6555963737b9ae8264ea12b49ed1e615 
Number of updated asset objects reloaded before import = 0Number of asset objects unloaded after import = 1

========================================================================
Received Import Request.
  Time since last request: 0.000114 seconds.
  path: Assets/ScifiOfficeLite/Meshes/Textures/Environment/Ground/Concrete Floor/Concrete Floor Polished Height.tif
  importAddress: Guid(08ca04d11de0b984ba12a9b9e7b460d7) Importer(2089858483,b0f066a214c2f5e87bad3c948f4d605d)
Start importing Assets/ScifiOfficeLite/Meshes/Textures/Environment/Ground/Concrete Floor/Concrete Floor Polished Height.tif using Guid(08ca04d11de0b984ba12a9b9e7b460d7) Importer(2089858483,b0f066a214c2f5e87bad3c948f4d605d) (ScriptedImporter) -> (Import Result ID: '31945fa1a953183b83f4d689d7b6c31c') in 0.0200067 seconds [static and dynamic dependencies]. Details - ImportResultOutputID=f3c2bce8106524b323c627bc49a709c3 DependenciesID=2f5bc663d39cd92545debe80fb688952 StaticDependenciesID=269b4d87441b8692554d7f9cf6fc482a 
Number of updated asset objects reloaded before import = 0Number of asset objects unloaded after import = 1

========================================================================
Received Import Request.
  Time since last request: 0.000033 seconds.
  path: Assets/room/Cosmic_Retro_Bedroom_Demo/Textures
  importAddress: Guid(01c136f666f82b642a7b4a022f34507f) Importer(2089858483,b0f066a214c2f5e87bad3c948f4d605d)
Start importing Assets/room/Cosmic_Retro_Bedroom_Demo/Textures using Guid(01c136f666f82b642a7b4a022f34507f) Importer(2089858483,b0f066a214c2f5e87bad3c948f4d605d) (ScriptedImporter) -> (Import Result ID: '48c3c802fe35e92f846e42f73a5d535e') in 0.0094114 seconds [static and dynamic dependencies]. Details - ImportResultOutputID=21182c5e9a157f54d65369e3fbcd904c DependenciesID=a4644d24f30aab41107f87a2b553844a StaticDependenciesID=0d56c810e17ab02ad2d70a49d1e49681 
Number of updated asset objects reloaded before import = 0Number of asset objects unloaded after import = 1

========================================================================
Received Import Request.
  Time since last request: 0.000070 seconds.
  path: Assets/room/Cosmic_Retro_Bedroom_Demo/DemoScene/Global Volume/Cosmic_Retro_Bedroom_Props.asset
  importAddress: Guid(20193034e798d5e408b5f4429ddc0b86) Importer(2089858483,b0f066a214c2f5e87bad3c948f4d605d)
Start importing Assets/room/Cosmic_Retro_Bedroom_Demo/DemoScene/Global Volume/Cosmic_Retro_Bedroom_Props.asset using Guid(20193034e798d5e408b5f4429ddc0b86) Importer(2089858483,b0f066a214c2f5e87bad3c948f4d605d) (ScriptedImporter) -> (Import Result ID: '21c94906c5c74e3ce14d8db995ee1381') in 0.0115306 seconds [static and dynamic dependencies]. Details - ImportResultOutputID=25df70a2c429812bd88202e85f11abef DependenciesID=229fc6b16a101a841aef1d22460ac144 StaticDependenciesID=b42972f68a4eaa0394abd820885530bb 
Number of updated asset objects reloaded before import = 0Number of asset objects unloaded after import = 1

========================================================================
Received Import Request.
  Time since last request: 0.000089 seconds.
  path: Assets/ScifiOfficeLite/Meshes/Materials/Table Texture Set/Shelf.mat
  importAddress: Guid(5b7f23233a988d04a9e57a1c1bfbacbb) Importer(2089858483,b0f066a214c2f5e87bad3c948f4d605d)
Start importing Assets/ScifiOfficeLite/Meshes/Materials/Table Texture Set/Shelf.mat using Guid(5b7f23233a988d04a9e57a1c1bfbacbb) Importer(2089858483,b0f066a214c2f5e87bad3c948f4d605d) (ScriptedImporter) -> (Import Result ID: 'f5f53483c09cbebbf569c39223102c41') in 0.0270583 seconds [static and dynamic dependencies]. Details - ImportResultOutputID=7e30e766382c7fde909bef43914cf995 DependenciesID=bda7dea1b2aa55b622612389f67fd043 StaticDependenciesID=40f52109dd52682907088a2df65c58de 
Number of updated asset objects reloaded before import = 0Number of asset objects unloaded after import = 5

========================================================================
Received Import Request.
  Time since last request: 0.000037 seconds.
  path: Assets/ScifiOfficeLite/Meshes/Walls/Wall With Windows Set 10.FBX
  importAddress: Guid(079bbfeb36213f14dbeb94410d3f7377) Importer(2089858483,b0f066a214c2f5e87bad3c948f4d605d)
Start importing Assets/ScifiOfficeLite/Meshes/Walls/Wall With Windows Set 10.FBX using Guid(079bbfeb36213f14dbeb94410d3f7377) Importer(2089858483,b0f066a214c2f5e87bad3c948f4d605d) (ScriptedImporter) -> (Import Result ID: '77c611736c624803fab9d81e91f9dff7') in 0.0258359 seconds [static and dynamic dependencies]. Details - ImportResultOutputID=a958626dc15ee38613d2f635f20d8fda DependenciesID=75fe24f085568a7200d4995955fc5362 StaticDependenciesID=2c4d08ee1807f2462e655b5ddfa5a4d1 
Number of updated asset objects reloaded before import = 0Number of asset objects unloaded after import = 24

========================================================================
Received Import Request.
  Time since last request: 0.000072 seconds.
  path: Assets/JustPlay/Сomputer devices/Objects/Keyboard/Textures/Emiss.png
  importAddress: Guid(3778bb7026d51c84798bb42ade83b932) Importer(2089858483,b0f066a214c2f5e87bad3c948f4d605d)
Start importing Assets/JustPlay/Сomputer devices/Objects/Keyboard/Textures/Emiss.png using Guid(3778bb7026d51c84798bb42ade83b932) Importer(2089858483,b0f066a214c2f5e87bad3c948f4d605d) (ScriptedImporter) -> (Import Result ID: '6693af0635b000f81cae729d53037137') in 0.0179409 seconds [static and dynamic dependencies]. Details - ImportResultOutputID=ec13b5ba9ae8d96ba536702c04d4020a DependenciesID=ba724b7c230662fa70e034dc705cab5a StaticDependenciesID=4904fb04ed653834bdcdaa96fcf95647 
Number of updated asset objects reloaded before import = 0Number of asset objects unloaded after import = 1

========================================================================
Received Import Request.
  Time since last request: 0.000085 seconds.
  path: Assets/JustPlay/Demo/Set appliances.unity
  importAddress: Guid(b619aec2020270a45917c2579d252f47) Importer(2089858483,b0f066a214c2f5e87bad3c948f4d605d)
Start importing Assets/JustPlay/Demo/Set appliances.unity using Guid(b619aec2020270a45917c2579d252f47) Importer(2089858483,b0f066a214c2f5e87bad3c948f4d605d) (ScriptedImporter) -> (Import Result ID: 'cc767e0c1d767f058fea76f063aac289') in 0.0164895 seconds [static and dynamic dependencies]. Details - ImportResultOutputID=00e14427a6025f657ee9f2e6eb0e9a02 DependenciesID=ea1d19899b92cba068195e228f08b7c5 StaticDependenciesID=41d0ea739d8dd9766669b92d8d2177f1 
Number of updated asset objects reloaded before import = 0Number of asset objects unloaded after import = 1

========================================================================
Received Import Request.
  Time since last request: 0.000087 seconds.
  path: Assets/Textures/BootScene
  importAddress: Guid(12fb9db6d98e37b4991f9287c1f9c1d0) Importer(2089858483,b0f066a214c2f5e87bad3c948f4d605d)
Start importing Assets/Textures/BootScene using Guid(12fb9db6d98e37b4991f9287c1f9c1d0) Importer(2089858483,b0f066a214c2f5e87bad3c948f4d605d) (ScriptedImporter) -> (Import Result ID: 'a2284e1e535d24b73945f7e5511a6cfb') in 0.009423 seconds [static and dynamic dependencies]. Details - ImportResultOutputID=4ccb6623f2c7368537125ec443b09209 DependenciesID=90de92a919ca86b0aa8a53c7c6989a80 StaticDependenciesID=1d8c51604c302adc6bf9096caa44ce6e 
Number of updated asset objects reloaded before import = 0Number of asset objects unloaded after import = 1

========================================================================
Received Import Request.
  Time since last request: 0.000036 seconds.
  path: Assets/Scripts/ScreamerController.cs
  importAddress: Guid(e350ffeb9a6bb944c9feb5da2656e074) Importer(2089858483,b0f066a214c2f5e87bad3c948f4d605d)
Start importing Assets/Scripts/ScreamerController.cs using Guid(e350ffeb9a6bb944c9feb5da2656e074) Importer(2089858483,b0f066a214c2f5e87bad3c948f4d605d) (ScriptedImporter) -> (Import Result ID: '36c2c8547e2047c482558ca98311c7a3') in 0.0075874 seconds [static and dynamic dependencies]. Details - ImportResultOutputID=fdc04ff353a2f274127a422d46d0eaea DependenciesID=536254f34f7977b846178a9ccaa98d30 StaticDependenciesID=62f6ad4388367e40d54877cfcbcf5fdc 
Number of updated asset objects reloaded before import = 0Number of asset objects unloaded after import = 0

========================================================================
Received Import Request.
  Time since last request: 0.000163 seconds.
  path: Assets/Materials/AeroRugSoft.mat
  importAddress: Guid(b126f079a14baf043a4eb0c7ce51f3bd) Importer(2089858483,b0f066a214c2f5e87bad3c948f4d605d)
Start importing Assets/Materials/AeroRugSoft.mat using Guid(b126f079a14baf043a4eb0c7ce51f3bd) Importer(2089858483,b0f066a214c2f5e87bad3c948f4d605d) (ScriptedImporter) -> (Import Result ID: 'f5cb56c93c6b3ce5875e997c490f1dc7') in 0.0115304 seconds [static and dynamic dependencies]. Details - ImportResultOutputID=ecd483128bb08b4d4f92faaa6230d05b DependenciesID=85a1decce0360435f2f71f5de1068f6c StaticDependenciesID=b8f510368ca3d367733f1a7f352b04b9 
Number of updated asset objects reloaded before import = 0Number of asset objects unloaded after import = 1

========================================================================
Received Import Request.
  Time since last request: 0.000087 seconds.
  path: Assets/Scripts/HallucinationPresence.cs
  importAddress: Guid(be40bc4775df8e647bfd75178bc173c9) Importer(2089858483,b0f066a214c2f5e87bad3c948f4d605d)
Start importing Assets/Scripts/HallucinationPresence.cs using Guid(be40bc4775df8e647bfd75178bc173c9) Importer(2089858483,b0f066a214c2f5e87bad3c948f4d605d) (ScriptedImporter) -> (Import Result ID: 'fdcb84981ed7ec051457bb197197cd0b') in 0.0086943 seconds [static and dynamic dependencies]. Details - ImportResultOutputID=03aaa31ae82cc9de9da184aae7b792b1 DependenciesID=d61c7ec35d5740404c1f3605151df29f StaticDependenciesID=15618a1a40f25176fa39116dd59b46ce 
Number of updated asset objects reloaded before import = 0Number of asset objects unloaded after import = 0

========================================================================
Received Import Request.
  Time since last request: 0.000032 seconds.
  path: Assets/Materials/Presence_Glow_Material.mat
  importAddress: Guid(b4319403fd04da64ba16442ec8b35ff6) Importer(2089858483,b0f066a214c2f5e87bad3c948f4d605d)
Start importing Assets/Materials/Presence_Glow_Material.mat using Guid(b4319403fd04da64ba16442ec8b35ff6) Importer(2089858483,b0f066a214c2f5e87bad3c948f4d605d) (ScriptedImporter) -> (Import Result ID: 'd5f3521189982abcb5bfe8e4af1984c0') in 0.0114544 seconds [static and dynamic dependencies]. Details - ImportResultOutputID=b53b01b339f56d011acb5b408f881fc4 DependenciesID=129df63995d648ea3b0dd0d909decde1 StaticDependenciesID=928cfc01675fefda2732332fc98c5c8b 
Number of updated asset objects reloaded before import = 0Number of asset objects unloaded after import = 1

========================================================================
Received Import Request.
  Time since last request: 0.000144 seconds.
  path: Assets/Materials/AeroFloor.mat
  importAddress: Guid(e07dfe86b21c57345987a326c57462f9) Importer(2089858483,b0f066a214c2f5e87bad3c948f4d605d)
Start importing Assets/Materials/AeroFloor.mat using Guid(e07dfe86b21c57345987a326c57462f9) Importer(2089858483,b0f066a214c2f5e87bad3c948f4d605d) (ScriptedImporter) -> (Import Result ID: 'dc870295f721f5e65e73723b986c02b5') in 0.0116851 seconds [static and dynamic dependencies]. Details - ImportResultOutputID=384ad28755c3d3c8a35de575a6a95a96 DependenciesID=694f5d6ca080dc0a361a7cd9f851ada1 StaticDependenciesID=aa37f18d43cf767ed89544384d11dbd9 
Number of updated asset objects reloaded before import = 0Number of asset objects unloaded after import = 1

========================================================================
Received Import Request.
  Time since last request: 0.000077 seconds.
  path: Assets/Materials/BootScene_ReadableScreen.mat
  importAddress: Guid(5d1ff4270064c204db48729471e6ac9d) Importer(2089858483,b0f066a214c2f5e87bad3c948f4d605d)
Start importing Assets/Materials/BootScene_ReadableScreen.mat using Guid(5d1ff4270064c204db48729471e6ac9d) Importer(2089858483,b0f066a214c2f5e87bad3c948f4d605d) (ScriptedImporter) -> (Import Result ID: 'b963da4c97b64255b6d4d7642a444f49') in 0.0126595 seconds [static and dynamic dependencies]. Details - ImportResultOutputID=1dede7c567132d319a9ea44fc9ee008d DependenciesID=2b9ba0639b5c9bbec7cc3de94146363b StaticDependenciesID=3a93a36a55295e292a24e851fe54c984 
Number of updated asset objects reloaded before import = 0Number of asset objects unloaded after import = 1

========================================================================
Received Import Request.
  Time since last request: 0.000030 seconds.
  path: Assets/Materials/Presence_Material.mat
  importAddress: Guid(6670de93fee1dc44090b2a942b8e8043) Importer(2089858483,b0f066a214c2f5e87bad3c948f4d605d)
Start importing Assets/Materials/Presence_Material.mat using Guid(6670de93fee1dc44090b2a942b8e8043) Importer(2089858483,b0f066a214c2f5e87bad3c948f4d605d) (ScriptedImporter) -> (Import Result ID: '05a8dfde9ea84d65d1fa2bc244447d3b') in 0.0149088 seconds [static and dynamic dependencies]. Details - ImportResultOutputID=beab974fbbc757bc5d321e4e19566544 DependenciesID=1d7cebd4e6e4aa573f5efc20f6fe42fb StaticDependenciesID=effc5fe3d217cf1ed836b3d9d50799c8 
Number of updated asset objects reloaded before import = 0Number of asset objects unloaded after import = 1

========================================================================
Received Import Request.
  Time since last request: 0.000102 seconds.
  path: Assets/Materials/BootScene_BlueSpill.mat
  importAddress: Guid(dffa933f22f027941a1e26755a1d674b) Importer(2089858483,b0f066a214c2f5e87bad3c948f4d605d)
Start importing Assets/Materials/BootScene_BlueSpill.mat using Guid(dffa933f22f027941a1e26755a1d674b) Importer(2089858483,b0f066a214c2f5e87bad3c948f4d605d) (ScriptedImporter) -> (Import Result ID: '42fd9068e35ee4fdad30a8547897b087') in 0.0166696 seconds [static and dynamic dependencies]. Details - ImportResultOutputID=80e2049c326b4db8466db83fe557ef43 DependenciesID=6a0c391b9f44288d2cddbddc7c6ae8f2 StaticDependenciesID=120b30d94ade30cbea9456472a38c5f5 
Number of updated asset objects reloaded before import = 0Number of asset objects unloaded after import = 2

========================================================================
Received Import Request.
  Time since last request: 0.000042 seconds.
  path: Assets/Materials/AeroDeskWood.mat
  importAddress: Guid(c6cfef35e5eb8b74fae035ea970ce2d4) Importer(2089858483,b0f066a214c2f5e87bad3c948f4d605d)
Start importing Assets/Materials/AeroDeskWood.mat using Guid(c6cfef35e5eb8b74fae035ea970ce2d4) Importer(2089858483,b0f066a214c2f5e87bad3c948f4d605d) (ScriptedImporter) -> (Import Result ID: 'a2ad2d539162a79b154a01562b33b9ec') in 0.0214815 seconds [static and dynamic dependencies]. Details - ImportResultOutputID=95f92b363b018786da9f5429fb6dee12 DependenciesID=505b824bab0854cab13818e926db3a66 StaticDependenciesID=5ef9b7e2314c97eef77ee65f660b8435 
Number of updated asset objects reloaded before import = 0Number of asset objects unloaded after import = 3

========================================================================
Received Import Request.
  Time since last request: 0.000056 seconds.
  path: Assets/Materials/BootScene_SoftBlueScreen.mat
  importAddress: Guid(cec37ea6405e46140aefbbf0e1e5f145) Importer(2089858483,b0f066a214c2f5e87bad3c948f4d605d)
Start importing Assets/Materials/BootScene_SoftBlueScreen.mat using Guid(cec37ea6405e46140aefbbf0e1e5f145) Importer(2089858483,b0f066a214c2f5e87bad3c948f4d605d) (ScriptedImporter) -> (Import Result ID: 'e98086ac2bcfecd9909098c0746ac539') in 0.0116441 seconds [static and dynamic dependencies]. Details - ImportResultOutputID=4437049d6f433f5709832e7d18492f99 DependenciesID=9b88559215fad74a12cead70636e3afe StaticDependenciesID=4ae3cd3981e8be81a47efc53cf2c2d5e 
Number of updated asset objects reloaded before import = 0Number of asset objects unloaded after import = 1

========================================================================
Received Import Request.
  Time since last request: 0.000042 seconds.
  path: Assets/Materials/BootScene_StrangeShadow.mat
  importAddress: Guid(2ddc2ab07c04d0d40a8fcf3e11ee7a58) Importer(2089858483,b0f066a214c2f5e87bad3c948f4d605d)
Start importing Assets/Materials/BootScene_StrangeShadow.mat using Guid(2ddc2ab07c04d0d40a8fcf3e11ee7a58) Importer(2089858483,b0f066a214c2f5e87bad3c948f4d605d) (ScriptedImporter) -> (Import Result ID: '59ad9b3fd8cd0833f646c0debd85ba05') in 0.0157421 seconds [static and dynamic dependencies]. Details - ImportResultOutputID=c25b35ee7f69d1272ee73301512f486c DependenciesID=d549da1d0d9b5d321b9b799345f66030 StaticDependenciesID=60c0dab91a54f4579a03acb6dea17cb8 
Number of updated asset objects reloaded before import = 0Number of asset objects unloaded after import = 1

========================================================================
Received Import Request.
  Time since last request: 0.000065 seconds.
  path: Assets/Materials/AeroWallSoft.mat
  importAddress: Guid(72e8026605864ba43b7dbfd496ddd9aa) Importer(2089858483,b0f066a214c2f5e87bad3c948f4d605d)
Start importing Assets/Materials/AeroWallSoft.mat using Guid(72e8026605864ba43b7dbfd496ddd9aa) Importer(2089858483,b0f066a214c2f5e87bad3c948f4d605d) (ScriptedImporter) -> (Import Result ID: '9e3ba51da5238ac04be9b8cd70c2bc1a') in 0.0136336 seconds [static and dynamic dependencies]. Details - ImportResultOutputID=74aa9bbbbabc609bff4f00684eb5e57c DependenciesID=0bc663a11cfc5b43462451545c431e37 StaticDependenciesID=97cd7b69352380bd43bae94816d3326b 
Number of updated asset objects reloaded before import = 0Number of asset objects unloaded after import = 1

========================================================================
Received Import Request.
  Time since last request: 0.000082 seconds.
  path: Assets/Materials/AeroTrimDark.mat
  importAddress: Guid(00bf5c16f0cc32545b32255003a22a2c) Importer(2089858483,b0f066a214c2f5e87bad3c948f4d605d)
Start importing Assets/Materials/AeroTrimDark.mat using Guid(00bf5c16f0cc32545b32255003a22a2c) Importer(2089858483,b0f066a214c2f5e87bad3c948f4d605d) (ScriptedImporter) -> (Import Result ID: 'ac544de57493e44b84ca644be651ce33') in 0.0112877 seconds [static and dynamic dependencies]. Details - ImportResultOutputID=89b5bd0f47f9f6ad011fde217f11440e DependenciesID=dc33d8baa243dc62a131669ccb54fe23 StaticDependenciesID=987a002dcc0c628ae36aeb2129bec47d 
Number of updated asset objects reloaded before import = 0Number of asset objects unloaded after import = 1

========================================================================
Received Import Request.
  Time since last request: 0.000154 seconds.
  path: Assets/Materials/AeroDoorSoft.mat
  importAddress: Guid(378792615b357594bada873808f19970) Importer(2089858483,b0f066a214c2f5e87bad3c948f4d605d)
Start importing Assets/Materials/AeroDoorSoft.mat using Guid(378792615b357594bada873808f19970) Importer(2089858483,b0f066a214c2f5e87bad3c948f4d605d) (ScriptedImporter) -> (Import Result ID: '5466c2dbc8dd2f17c3849e282b30cb90') in 0.0134051 seconds [static and dynamic dependencies]. Details - ImportResultOutputID=be04d78887bec5783d6551b88827e5e4 DependenciesID=59833ff5ba06804e3fa3b81fc171beef StaticDependenciesID=ab1ee079a460deaa29a5e643aaf6b243 
Number of updated asset objects reloaded before import = 0Number of asset objects unloaded after import = 1

========================================================================
Received Import Request.
  Time since last request: 0.000038 seconds.
  path: Assets/Materials/BootScene_ScreenText.mat
  importAddress: Guid(c2f7d630edde2e44ebcbf363f0a23982) Importer(2089858483,b0f066a214c2f5e87bad3c948f4d605d)
Start importing Assets/Materials/BootScene_ScreenText.mat using Guid(c2f7d630edde2e44ebcbf363f0a23982) Importer(2089858483,b0f066a214c2f5e87bad3c948f4d605d) (ScriptedImporter) -> (Import Result ID: '2822c5cedbb60e37ec6c57693b0d046f') in 0.0174748 seconds [static and dynamic dependencies]. Details - ImportResultOutputID=bb8e08b0a61ea033f46fa8e1c2116440 DependenciesID=bba1e611c7d3cd4660f4815c5676795f StaticDependenciesID=6c407fced72a30136744441f2486e642 
Number of updated asset objects reloaded before import = 0Number of asset objects unloaded after import = 1

========================================================================
Received Import Request.
  Time since last request: 0.000247 seconds.
  path: Assets/Materials/AeroDesktop_WindowPanel.mat
  importAddress: Guid(06546a7499bd946449279c1ef5c72ce0) Importer(2089858483,b0f066a214c2f5e87bad3c948f4d605d)
Start importing Assets/Materials/AeroDesktop_WindowPanel.mat using Guid(06546a7499bd946449279c1ef5c72ce0) Importer(2089858483,b0f066a214c2f5e87bad3c948f4d605d) (ScriptedImporter) -> (Import Result ID: '4908db9c4db679e72b9991c76aa5f8c0') in 0.0105076 seconds [static and dynamic dependencies]. Details - ImportResultOutputID=6543a9a8083b8c0a11d585ed61a98bc7 DependenciesID=2201a8958541c3149c5e0d741f327db7 StaticDependenciesID=dc7bb36387a55e2fc71cee3a4bbb5c97 
Number of updated asset objects reloaded before import = 0Number of asset objects unloaded after import = 1

========================================================================
Received Import Request.
  Time since last request: 0.000154 seconds.
  path: Assets/Materials/AeroDesktop_BlueGlass.mat
  importAddress: Guid(085c935067f1086488c9828de086bcea) Importer(2089858483,b0f066a214c2f5e87bad3c948f4d605d)
Start importing Assets/Materials/AeroDesktop_BlueGlass.mat using Guid(085c935067f1086488c9828de086bcea) Importer(2089858483,b0f066a214c2f5e87bad3c948f4d605d) (ScriptedImporter) -> (Import Result ID: '4526ae728621e1c735dee985413fcafb') in 0.0131934 seconds [static and dynamic dependencies]. Details - ImportResultOutputID=1af25181595c207738763053f1bdeb97 DependenciesID=7e2d89d73e90f6b582f003c6df782346 StaticDependenciesID=524b12d139dd010206da2af1c0f4b3ad 
Number of updated asset objects reloaded before import = 0Number of asset objects unloaded after import = 1

========================================================================
Received Import Request.
  Time since last request: 0.000177 seconds.
  path: Assets/ScifiOfficeLite/Meshes/Walls/Wall Pillar 1.FBX
  importAddress: Guid(7f3f723d286592a41b8ff4a9a618917a) Importer(2089858483,b0f066a214c2f5e87bad3c948f4d605d)
Start importing Assets/ScifiOfficeLite/Meshes/Walls/Wall Pillar 1.FBX using Guid(7f3f723d286592a41b8ff4a9a618917a) Importer(2089858483,b0f066a214c2f5e87bad3c948f4d605d) (ScriptedImporter) -> (Import Result ID: '1389e09bf9d2d8f4d503d503f55b5bad') in 0.0219123 seconds [static and dynamic dependencies]. Details - ImportResultOutputID=70ea30c0b9dd210808210688a9f59456 DependenciesID=0f2d48d86cc4d2f4409dcbea11a1f145 StaticDependenciesID=92cc02aa0b8235822d5caefdd74b16a2 
Number of updated asset objects reloaded before import = 0Number of asset objects unloaded after import = 8

========================================================================
Received Prepare
Begin MonoManager ReloadAssembly
Assembly Assembly-CSharp-Editor-firstpass.dll at Library/ScriptAssemblies/Assembly-CSharp-Editor-firstpass.dll not valid. Loading of assembly skipped.
Assembly Assembly-CSharp-Editor.dll at Library/ScriptAssemblies/Assembly-CSharp-Editor.dll not valid. Loading of assembly skipped.
Assembly Assembly-CSharp-firstpass.dll at Library/ScriptAssemblies/Assembly-CSharp-firstpass.dll not valid. Loading of assembly skipped.
Assembly DocCodeExamples.dll at Library/ScriptAssemblies/DocCodeExamples.dll not valid. Loading of assembly skipped.
Assembly TestNewCustomAssembly.dll at Library/ScriptAssemblies/TestNewCustomAssembly.dll not valid. Loading of assembly skipped.
Assembly Unity.2D.Animation.EditorTests.dll at Library/ScriptAssemblies/Unity.2D.Animation.EditorTests.dll not valid. Loading of assembly skipped.
Assembly Unity.2D.Aseprite.EditorTests.dll at Library/ScriptAssemblies/Unity.2D.Aseprite.EditorTests.dll not valid. Loading of assembly skipped.
Assembly Unity.2D.Common.EditorTests.dll at Library/ScriptAssemblies/Unity.2D.Common.EditorTests.dll not valid. Loading of assembly skipped.
Assembly Unity.2D.PixelPerfect.Editor.Tests.dll at Library/ScriptAssemblies/Unity.2D.PixelPerfect.Editor.Tests.dll not valid. Loading of assembly skipped.
Assembly Unity.2D.Psdimporter.EditorTests.dll at Library/ScriptAssemblies/Unity.2D.Psdimporter.EditorTests.dll not valid. Loading of assembly skipped.
Assembly Unity.2D.Sprite.Package.EditorTests.dll at Library/ScriptAssemblies/Unity.2D.Sprite.Package.EditorTests.dll not valid. Loading of assembly skipped.
Assembly Unity.2D.SpriteShape.EditorTests.dll at Library/ScriptAssemblies/Unity.2D.SpriteShape.EditorTests.dll not valid. Loading of assembly skipped.
Assembly Unity.2D.Tilemap.Package.EditorTests.dll at Library/ScriptAssemblies/Unity.2D.Tilemap.Package.EditorTests.dll not valid. Loading of assembly skipped.
Assembly Unity.Collections.BurstCompatibilityGen.dll at Library/ScriptAssemblies/Unity.Collections.BurstCompatibilityGen.dll not valid. Loading of assembly skipped.
Assembly Unity.Collections.DocCodeSamples.dll at Library/ScriptAssemblies/Unity.Collections.DocCodeSamples.dll not valid. Loading of assembly skipped.
Assembly Unity.Collections.PerformanceTests.dll at Library/ScriptAssemblies/Unity.Collections.PerformanceTests.dll not valid. Loading of assembly skipped.
Assembly Unity.Collections.Tests.dll at Library/ScriptAssemblies/Unity.Collections.Tests.dll not valid. Loading of assembly skipped.
Assembly Unity.Collections.Tests.Playmode.dll at Library/ScriptAssemblies/Unity.Collections.Tests.Playmode.dll not valid. Loading of assembly skipped.
Assembly Unity.InputSystem.IntegrationTests.dll at Library/ScriptAssemblies/Unity.InputSystem.IntegrationTests.dll not valid. Loading of assembly skipped.
Assembly Unity.Mathematics.Tests.dll at Library/ScriptAssemblies/Unity.Mathematics.Tests.dll not valid. Loading of assembly skipped.
Assembly Unity.Multiplayer.Center.Editor.Tests.dll at Library/ScriptAssemblies/Unity.Multiplayer.Center.Editor.Tests.dll not valid. Loading of assembly skipped.
Assembly Unity.Multiplayer.Center.Tests.dll at Library/ScriptAssemblies/Unity.Multiplayer.Center.Tests.dll not valid. Loading of assembly skipped.
Assembly Unity.Nuget.Mono-Cecil.dll at Library/ScriptAssemblies/Unity.Nuget.Mono-Cecil.dll not valid. Loading of assembly skipped.
Assembly Unity.TextMeshPro.Editor.Tests.dll at Library/ScriptAssemblies/Unity.TextMeshPro.Editor.Tests.dll not valid. Loading of assembly skipped.
Assembly Unity.TextMeshPro.Tests.dll at Library/ScriptAssemblies/Unity.TextMeshPro.Tests.dll not valid. Loading of assembly skipped.
Assembly UnityEditor.UI.Common.Tests.dll at Library/ScriptAssemblies/UnityEditor.UI.Common.Tests.dll not valid. Loading of assembly skipped.
Assembly UnityEditor.UI.EditorTests.dll at Library/ScriptAssemblies/UnityEditor.UI.EditorTests.dll not valid. Loading of assembly skipped.
Assembly UnityEngine.UI.Tests.dll at Library/ScriptAssemblies/UnityEngine.UI.Tests.dll not valid. Loading of assembly skipped.
Symbol file LoadedFromMemory is not a mono symbol file
Refreshing native plugins compatible for Editor in 8.28 ms, found 4 plugins.
Native extension for WindowsStandalone target not found
[Package Manager] Failed to launch server process. Reason: Unity was launched with the -noUpm command-line argument
[Package Manager] Unable to send message (not connected to server process).
[Package Manager] Cannot connect to Unity Package Manager local server
[Package Manager] Failed to launch server process. Reason: Unity was launched with the -noUpm command-line argument
[Package Manager] Unable to send message (not connected to server process).
[Package Manager] Cannot connect to Unity Package Manager local server
ScheduleIndexationOnStartup MainProcess:False IndexOnStartup:True
Mono: successfully reloaded assembly
- Finished resetting the current domain, in  4.354 seconds
Domain Reload Profiling: 6276ms
	BeginReloadAssembly (542ms)
		DisableScriptedObjects (28ms)
		CreateAndSetChildDomain (129ms)
	RebuildCommonClasses (88ms)
	RebuildNativeTypeToScriptingClass (43ms)
	initialDomainReloadingComplete (160ms)
	LoadAllAssembliesAndSetupDomain (1087ms)
		LoadAssemblies (969ms)
		AnalyzeDomain (383ms)
			TypeCache.Refresh (10ms)
			BuildScriptInfoCaches (357ms)
			ResolveRequiredComponents (12ms)
	FinalizeReload (4355ms)
		SetupLoadedEditorAssemblies (0ms)
			InitializePlatformSupportModulesInManaged (5ms)
			BeforeProcessingInitializeOnLoad (422ms)
			ProcessInitializeOnLoadAttributes (3255ms)
			ProcessInitializeOnLoadMethodAttributes (208ms)
			AfterProcessingInitializeOnLoad (25ms)
		AwakeInstancesAfterBackupRestoration (21ms)
Refreshing native plugins compatible for Editor in 6.37 ms, found 4 plugins.
Unloading 0 Unused Serialized files (Serialized files now loaded: 0)
Unloading 5283 unused Assets / (1.8 MB). Loaded Objects now: 5895.
Memory consumption went from 113.2 MB to 111.4 MB.
Total: 20.689400 ms (FindLiveObjects: 1.760500 ms CreateObjectMapping: 1.031000 ms MarkObjects: 14.696400 ms  DeleteObjects: 3.199200 ms)

Prepare: number of updated asset objects reloaded= 0
Editor requested this worker to shutdown with reason: Scaling down because of idle timeout
AssetImportWorker is now disconnected from the server
Process exiting
Exiting without the bug reporter. Application will terminate with return code 0